label,game_id,source_class,source_username,white_elo,black_elo,elo_diff_abs,ply_count,opening_family,clock_tag_count,has_clock_data,move_count_total,avg_move_time,median_move_time,std_move_time,max_move_time,cv_move_time,fast_move_ratio,slow_move_ratio,white_move_count,white_avg_move_time,white_median_move_time,white_std_move_time,white_fast_move_ratio,white_slow_move_ratio,black_move_count,black_avg_move_time,black_median_move_time,black_std_move_time,black_fast_move_ratio,black_slow_move_ratio,wb_avg_time_diff,wb_move_count_diff
1,Q0m6UkMt,bot,OpeningsBot,2512,1790,722,26,SCANDINAVIAN,26,True,24,7.083333333333333,5.0,6.732487570644961,20.0,0.9504688335028181,0.4583333333333333,0.375,12,2.4166666666666665,1.0,5.314419587834174,0.9166666666666666,0.08333333333333333,12,11.75,12.5,4.342138490037676,0.0,0.6666666666666666,-9.333333333333334,0
0,9xZumDd8,human,,2019,2056,37,42,RUY_LOPEZ,42,True,40,3.95,2.0,4.636539657977703,23.0,1.1738075083487856,0.65,0.1,20,4.45,2.0,5.536018424824831,0.65,0.15,20,3.45,2.0,3.4420197558991434,0.65,0.05,1.0,0
1,0ftDtCCq,bot,OpeningsBot,2357,2515,158,138,ENGLISH,138,True,136,7.610294117647059,5.0,8.848539921197407,62.0,1.1627066949592728,0.25735294117647056,0.2426470588235294,68,8.102941176470589,6.0,6.512747016614583,0.17647058823529413,0.3382352941176471,68,7.117647058823529,4.0,10.662647022315394,0.3382352941176471,0.14705882352941177,0.9852941176470598,0
0,iCDVQkDW,human,,1964,1901,63,72,CARO_KANN,72,True,70,11.071428571428571,5.0,17.009511144878772,127.0,1.5363429421180828,0.24285714285714285,0.35714285714285715,35,8.457142857142857,7.0,7.511297613377777,0.2571428571428571,0.3142857142857143,35,13.685714285714285,5.0,22.551238709812345,0.22857142857142856,0.4,-5.228571428571428,0
1,bC1goUqW,bot,maia1,1726,1549,177,49,INDIAN_DEFENSE,49,True,47,3.127659574468085,2.0,3.600336989408345,16.0,1.1511281530761375,0.6382978723404256,0.0851063829787234,24,3.0833333333333335,1.0,4.162497914580726,0.75,0.125,23,3.1739130434782608,2.0,2.8990579266382004,0.5217391304347826,0.043478260869565216,-0.09057971014492727,1
0,PNYfgAlI,human,,2136,2137,1,37,FRENCH,37,True,35,9.114285714285714,6.0,8.7137704765714,34.0,0.9560563218808746,0.2571428571428571,0.3142857142857143,18,10.777777777777779,7.5,9.784088872333918,0.2222222222222222,0.3888888888888889,17,7.352941176470588,4.0,6.995302427727005,0.29411764705882354,0.23529411764705882,3.4248366013071907,1
1,c6WPF8mC,bot,maia5,1434,1610,176,45,FRENCH,45,True,43,2.8372093023255816,1.0,4.665211341747476,20.0,1.644295800779848,0.6511627906976745,0.09302325581395349,22,5.454545454545454,3.5,5.3319557449509745,0.3181818181818182,0.18181818181818182,21,0.09523809523809523,0.0,0.29354352395090366,1.0,0.0,5.359307359307359,1
1,DkOw2MhD,bot,maia1,1761,1615,146,173,FRENCH,173,True,171,3.9005847953216373,4.0,3.1634886560137816,25.0,0.8110293256047326,0.4152046783625731,0.023391812865497075,86,2.5232558139534884,2.0,3.2375943703083383,0.6976744186046512,0.023255813953488372,85,5.294117647058823,5.0,2.3804276897564374,0.12941176470588237,0.023529411764705882,-2.770861833105335,1
1,3YzizUdI,bot,simpleEval,2242,1616,626,51,CARO_KANN,51,True,49,9.83673469387755,8.0,9.651788326999537,55.0,0.9811983983879197,0.16326530612244897,0.3469387755102041,25,7.36,6.0,5.925402939885186,0.16,0.24,24,12.416666666666666,8.5,11.856491424063398,0.16666666666666666,0.4583333333333333,-5.056666666666666,1
1,vRHuQbfE,bot,simpleEval,2220,2321,101,141,PHILIDOR,141,True,139,7.625899280575539,6.0,7.397523775172615,60.0,0.9700526459896165,0.12949640287769784,0.2733812949640288,70,7.142857142857143,6.0,3.606683139022074,0.014285714285714285,0.2714285714285714,69,8.115942028985508,5.0,9.826813704901618,0.2463768115942029,0.2753623188405797,-0.9730848861283645,1
1,Mok5g0XC,bot,maia5,1668,1547,121,29,KING'S_PAWN,29,True,27,7.407407407407407,5.0,7.289054499774704,30.0,0.9840223574695851,0.25925925925925924,0.2222222222222222,14,3.142857142857143,3.0,2.325545799442815,0.42857142857142855,0.0,13,12.0,9.0,7.990378829952547,0.07692307692307693,0.46153846153846156,-8.857142857142858,1
0,lA9vhFkq,human,,1885,1851,34,73,QUEEN'S_PAWN,73,True,71,7.929577464788732,6.0,7.95112525239104,42.0,1.002717394173648,0.2676056338028169,0.30985915492957744,36,8.083333333333334,6.0,8.223864325512942,0.25,0.2777777777777778,35,7.771428571428571,4.0,7.6572494662088095,0.2857142857142857,0.34285714285714286,0.3119047619047626,1
0,bbrPzY6L,human,,1918,1873,45,67,INDIAN_DEFENSE,67,True,65,12.861538461538462,6.0,17.583101085615763,108.0,1.367107141824192,0.27692307692307694,0.38461538461538464,33,15.545454545454545,6.0,21.821716885334467,0.3939393939393939,0.48484848484848486,32,10.09375,5.0,11.03788752150972,0.15625,0.28125,5.451704545454545,1
0,mF5hOqOM,human,,1955,1933,22,50,ENGLISH,50,True,48,2.3125,1.0,2.171369095755026,8.0,0.9389704197859572,0.6875,0.0,24,2.2083333333333335,1.0,2.362540417055806,0.6666666666666666,0.0,24,2.4166666666666665,2.0,1.9561157657175838,0.7083333333333334,0.0,-0.20833333333333304,0
1,fbB3EUqo,bot,maia9,1756,1722,34,70,SICILIAN,70,True,68,5.338235294117647,4.0,3.583500975129535,16.0,0.6712894388672407,0.25,0.10294117647058823,34,5.294117647058823,5.0,2.5955778203423776,0.17647058823529413,0.029411764705882353,34,5.382352941176471,4.0,4.352245572401832,0.3235294117647059,0.17647058823529413,-0.08823529411764763,0
0,xMj1eZo5,human,,1908,1907,1,86,BIRD,86,True,84,9.5,6.0,10.050467887710738,59.0,1.0579439881800776,0.17857142857142858,0.38095238095238093,42,7.809523809523809,5.5,7.264519435612069,0.2619047619047619,0.3333333333333333,42,11.19047619047619,7.0,11.980615484702373,0.09523809523809523,0.42857142857142855,-3.3809523809523805,0
1,sj1Kz6b7,bot,maia1,1562,1811,249,107,SCANDINAVIAN,107,True,105,1.4190476190476191,1.0,2.4173222193199937,16.0,1.7034821008630827,0.8285714285714286,0.009523809523809525,53,0.1320754716981132,0.0,0.33857280084766717,1.0,0.0,52,2.730769230769231,2.0,2.8763985535828054,0.6538461538461539,0.019230769230769232,-2.5986937590711174,1
0,aTH3trO5,human,,2139,2114,25,134,OTHER,134,True,132,8.151515151515152,3.0,18.198603363197478,149.0,2.232542420020508,0.4090909090909091,0.19696969696969696,66,8.0,3.0,18.77861452920219,0.42424242424242425,0.21212121212121213,66,8.303030303030303,3.0,17.598183185298538,0.3939393939393939,0.18181818181818182,-0.30303030303030276,0
0,hXFJaM5J,human,,1989,1965,24,100,SICILIAN,100,True,98,8.540816326530612,5.0,11.6865249171742,78.0,1.368314745380014,0.32653061224489793,0.2857142857142857,49,5.877551020408164,4.0,4.7148599349907085,0.30612244897959184,0.20408163265306123,49,11.204081632653061,5.0,15.38615809392635,0.3469387755102041,0.3673469387755102,-5.326530612244897,0
1,6HES8HfC,bot,maia5,1577,1632,55,32,OTHER,32,True,30,9.8,4.0,19.339769043777814,82.0,1.9734458207936543,0.3333333333333333,0.16666666666666666,15,16.066666666666666,7.0,25.815929621499635,0.3333333333333333,0.3333333333333333,15,3.533333333333333,3.0,1.746106780494506,0.3333333333333333,0.0,12.533333333333333,0
0,DpqI8afp,human,,1801,1831,30,168,INDIAN_DEFENSE,168,True,166,5.975903614457831,2.0,9.965574362587036,77.0,1.6676263550296855,0.572289156626506,0.18072289156626506,83,4.867469879518072,2.0,6.253232579624389,0.5783132530120482,0.1686746987951807,83,7.0843373493975905,2.0,12.5325646365029,0.5662650602409639,0.1927710843373494,-2.216867469879518,0
1,sMiLZwVF,bot,Boris-Trapsky,2170,2233,63,48,OTHER,48,True,46,11.673913043478262,7.0,13.96588132592533,62.0,1.1963324785708849,0.08695652173913043,0.32608695652173914,23,16.391304347826086,8.0,18.388888730248475,0.17391304347826086,0.4782608695652174,23,6.956521739130435,7.0,2.726333114189719,0.0,0.17391304347826086,9.434782608695652,0
0,wu0HMtxp,human,,1886,1904,18,83,RUY_LOPEZ,83,True,81,8.185185185185185,4.0,9.544064293439739,48.0,1.1660169046283844,0.20987654320987653,0.24691358024691357,41,7.634146341463414,4.0,8.435569573381791,0.21951219512195122,0.2682926829268293,40,8.75,4.5,10.53031338565002,0.2,0.225,-1.1158536585365857,1
1,psAWCMjy,bot,OpeningsBot,2496,2352,144,130,OTHER,130,True,128,7.03125,1.0,11.50267462103923,90.0,1.6359359461033571,0.5546875,0.296875,64,9.078125,6.0,14.022643170400329,0.4375,0.328125,64,4.984375,1.0,7.720694972563998,0.671875,0.265625,4.09375,0
0,T9DB3bw2,human,,1992,1990,2,52,CENTER_GAME,52,True,50,16.44,12.5,15.95262987723341,87.0,0.970354615403492,0.08,0.56,25,22.56,18.0,18.99701029109581,0.04,0.8,25,10.32,7.0,8.554390685490112,0.12,0.32,12.239999999999998,0
0,i3ZOOWBv,human,,2088,2057,31,31,OTHER,31,True,29,3.2413793103448274,2.0,3.430644580167699,13.0,1.058390349200673,0.6206896551724138,0.10344827586206896,15,3.1333333333333333,2.0,2.8720878971384023,0.5333333333333333,0.06666666666666667,14,3.357142857142857,2.0,3.9389473368463532,0.7142857142857143,0.14285714285714285,-0.2238095238095239,1
1,Ko5WWqmS,bot,simpleEval,2202,2229,27,232,FRENCH,232,True,230,4.98695652173913,2.0,6.089535168083606,49.0,1.2210924922922664,0.5043478260869565,0.16956521739130434,115,4.982608695652174,3.0,5.0904558755374705,0.4782608695652174,0.17391304347826086,115,4.991304347826087,2.0,6.946373031926571,0.5304347826086957,0.16521739130434782,-0.00869565217391255,0
0,ubnZ9xmO,human,,1830,1816,14,29,INDIAN_DEFENSE,29,True,27,6.111111111111111,4.0,6.244009474767608,23.0,1.0217470049619721,0.37037037037037035,0.18518518518518517,14,6.357142857142857,4.0,6.36516347963263,0.2857142857142857,0.14285714285714285,13,5.846153846153846,3.0,6.099762338953541,0.46153846153846156,0.23076923076923078,0.510989010989011,1
0,W1u1DgHx,human,,1823,1811,12,47,PETROV,47,True,45,4.266666666666667,3.0,4.013311184877977,24.0,0.9406198089557758,0.4222222222222222,0.06666666666666667,23,5.043478260869565,4.0,4.8227563909085385,0.2608695652173913,0.13043478260869565,22,3.4545454545454546,2.0,2.7090298955911525,0.5909090909090909,0.0,1.5889328063241108,1
1,O8YHWV0P,bot,simpleEval,2406,2266,140,113,SLAV,113,True,111,9.027027027027026,6.0,10.794943310242143,78.0,1.1958470134100578,0.18018018018018017,0.3153153153153153,56,8.303571428571429,7.0,5.354969797357614,0.07142857142857142,0.375,55,9.763636363636364,6.0,14.314599840548855,0.2909090909090909,0.2545454545454545,-1.4600649350649348,1
0,9tEsNno6,human,,2047,2007,40,76,BIRD,76,True,74,12.445945945945946,8.5,11.127202960618984,60.0,0.8940423659997881,0.16216216216216217,0.4594594594594595,37,14.35135135135135,12.0,10.475753772057095,0.05405405405405406,0.5135135135135135,37,10.54054054054054,8.0,11.429205346083824,0.2702702702702703,0.40540540540540543,3.8108108108108105,0
0,YEbkOEh5,human,,1859,1921,62,33,RUY_LOPEZ,33,True,31,6.516129032258065,2.0,10.395008007078284,40.0,1.5952735060367662,0.5806451612903226,0.1935483870967742,16,3.75,2.0,3.5794552658190883,0.625,0.125,15,9.466666666666667,2.0,13.884603783407801,0.5333333333333333,0.26666666666666666,-5.716666666666667,1
0,vtCLuov6,human,,1828,1814,14,142,QUEEN'S_PAWN,142,True,140,5.507142857142857,4.0,5.34989509719774,31.0,0.9714465805547128,0.32142857142857145,0.15,70,4.785714285714286,4.0,4.63493830177107,0.37142857142857144,0.11428571428571428,70,6.228571428571429,4.0,5.892298674835602,0.2714285714285714,0.18571428571428572,-1.442857142857143,0
0,RQ2QLiBh,human,,1867,1878,11,62,QUEEN'S_PAWN,62,True,60,14.766666666666667,7.0,27.635343714566357,201.0,1.8714679716410625,0.23333333333333334,0.38333333333333336,30,16.6,6.5,35.90505999623637,0.3,0.43333333333333335,30,12.933333333333334,7.0,15.216073372880695,0.16666666666666666,0.3333333333333333,3.666666666666668,0
1,62dD14f2,bot,Boris-Trapsky,2197,1630,567,23,OTHER,23,True,21,4.476190476190476,4.0,2.9214974571767556,12.0,0.6526749638373602,0.2857142857142857,0.09523809523809523,11,6.2727272727272725,5.0,2.6659778724754872,0.0,0.18181818181818182,10,2.5,2.0,1.6278820596099706,0.6,0.0,3.7727272727272725,1
0,Zl1nAbCh,human,,1891,1937,46,121,SICILIAN,121,True,119,3.991596638655462,2.0,5.374223881147359,36.0,1.3463845091716542,0.5462184873949579,0.10084033613445378,60,2.95,2.0,3.148676970834999,0.6666666666666666,0.03333333333333333,59,5.0508474576271185,3.0,6.778389711312395,0.423728813559322,0.1694915254237288,-2.1008474576271183,1
1,5hjxOnS8,bot,OpeningsBot,2472,2273,199,127,OTHER,127,True,125,6.952,6.0,5.974420139226902,37.0,0.859381492984307,0.304,0.296,63,6.698412698412699,4.0,7.469801469142951,0.47619047619047616,0.2857142857142857,62,7.209677419354839,7.0,3.89017412652074,0.12903225806451613,0.3064516129032258,-0.5112647209421404,1
0,lQZr2DEt,human,,1869,1825,44,45,SICILIAN,45,True,43,6.023255813953488,3.0,6.66991988408711,33.0,1.1073612162770106,0.4418604651162791,0.27906976744186046,22,6.681818181818182,4.0,5.683999581251693,0.3181818181818182,0.36363636363636365,21,5.333333333333333,2.0,7.504496006892156,0.5714285714285714,0.19047619047619047,1.3484848484848486,1
1,oiaIinzY,bot,maia1,1582,1500,82,39,OTHER,39,True,37,5.837837837837838,5.0,5.925271180992312,34.0,1.0149770078551645,0.32432432432432434,0.13513513513513514,19,4.578947368421052,5.0,2.5197282533864893,0.3157894736842105,0.05263157894736842,18,7.166666666666667,4.5,7.87577156714044,0.3333333333333333,0.2222222222222222,-2.5877192982456148,1
1,ZwtuuIMl,bot,Boris-Trapsky,2165,2247,82,52,OTHER,52,True,50,9.9,7.0,14.382280764885659,78.0,1.452755632816733,0.18,0.24,25,12.44,7.0,19.799151496970772,0.28,0.28,25,7.36,7.0,2.9648608736330275,0.08,0.2,5.079999999999999,0
0,G3UElUVF,human,,2073,2095,22,128,SCANDINAVIAN,128,True,126,8.61111111111111,4.0,11.670048640574237,50.0,1.3552314550344275,0.42857142857142855,0.2619047619047619,63,7.936507936507937,4.0,10.31699632656317,0.4444444444444444,0.2698412698412698,63,9.285714285714286,4.0,12.846379974843103,0.4126984126984127,0.25396825396825395,-1.3492063492063497,0
0,yYCBCAIS,human,,2164,2149,15,50,OTHER,50,True,48,8.604166666666666,5.0,8.390817360199316,40.0,0.9752039546962886,0.16666666666666666,0.2916666666666667,24,11.208333333333334,7.0,10.440223363936658,0.125,0.4166666666666667,24,6.0,4.5,4.272001872658765,0.20833333333333334,0.16666666666666666,5.208333333333334,0
1,y3MaULb8,bot,maia9,1714,1704,10,112,OTHER,112,True,110,5.409090909090909,5.0,3.4779708152506883,23.0,0.6429862011387827,0.21818181818181817,0.08181818181818182,55,5.709090909090909,6.0,2.2697434959021434,0.10909090909090909,0.01818181818181818,55,5.109090909090909,4.0,4.342905300174181,0.32727272727272727,0.14545454545454545,0.5999999999999996,0
1,7nDgDPHo,bot,maia5,1922,1658,264,75,SCANDINAVIAN,75,True,73,3.041095890410959,1.0,3.164175999834446,13.0,1.0404722882338493,0.589041095890411,0.0136986301369863,37,0.5135135135135135,1.0,0.4998173515920792,1.0,0.0,36,5.638888888888889,6.0,2.594361169255971,0.16666666666666666,0.027777777777777776,-5.125375375375376,1
1,j7GOlf50,bot,maia1,1787,1574,213,81,OTHER,81,True,79,1.9746835443037976,1.0,2.6432368129289667,14.0,1.338562232188387,0.6582278481012658,0.012658227848101266,40,3.75,3.0,2.6995369973386176,0.325,0.025,39,0.15384615384615385,0.0,0.36080121229410994,1.0,0.0,3.5961538461538463,1
0,HtaZAPmu,human,,1905,1919,14,132,QUEEN'S_PAWN,132,True,130,6.746153846153846,4.0,8.087322974842063,65.0,1.1988050019720276,0.38461538461538464,0.2,65,7.861538461538461,5.0,9.416641444521213,0.36923076923076925,0.27692307692307694,65,5.630769230769231,3.0,6.296688337822402,0.4,0.12307692307692308,2.23076923076923,0
1,RYHTmwmf,bot,Boris-Trapsky,2179,2222,43,78,OTHER,78,True,76,6.592105263157895,5.0,7.384510160106027,44.0,1.1202051340679802,0.3026315789473684,0.15789473684210525,38,8.710526315789474,6.0,9.76812187609008,0.3684210526315789,0.3157894736842105,38,4.473684210526316,4.0,2.161101596594506,0.23684210526315788,0.0,4.236842105263158,0
0,N8R8aAnp,human,,2007,2044,37,42,PHILIDOR,42,True,40,6.825,3.0,9.593975974537356,47.0,1.405710765499979,0.425,0.2,20,9.5,6.5,12.527968710050326,0.35,0.3,20,4.15,2.5,3.581549943809244,0.5,0.1,5.35,0
1,KgebqTE4,bot,Boris-Trapsky,2213,1777,436,47,PHILIDOR,47,True,45,5.644444444444445,4.0,5.873312733810094,38.0,1.0405475315805284,0.2222222222222222,0.08888888888888889,23,5.608695652173913,5.0,2.201563287160376,0.043478260869565216,0.08695652173913043,22,5.681818181818182,3.0,8.092568777680398,0.4090909090909091,0.09090909090909091,-0.07312252964426857,1
0,BS3ekge9,human,,1906,1905,1,113,OTHER,113,True,111,6.711711711711712,3.0,8.792285098324735,58.0,1.3099914710255645,0.38738738738738737,0.2072072072072072,56,8.107142857142858,4.0,10.834268667105334,0.30357142857142855,0.25,55,5.290909090909091,3.0,5.700630674113578,0.4727272727272727,0.16363636363636364,2.8162337662337666,1
1,NGU35vup,bot,maia1,1567,1547,20,64,KING'S_PAWN,64,True,62,5.451612903225806,4.5,4.199375603951058,21.0,0.7702996669969396,0.3064516129032258,0.14516129032258066,31,5.451612903225806,5.0,3.251190448747513,0.22580645161290322,0.12903225806451613,31,5.451612903225806,4.0,4.969836173566647,0.3870967741935484,0.16129032258064516,0.0,0
1,0RzqMczL,bot,maia9,1619,1716,97,80,SICILIAN,80,True,78,4.435897435897436,4.0,3.044919027973733,15.0,0.6864268328958125,0.34615384615384615,0.05128205128205128,39,3.4358974358974357,2.0,3.2565112037654402,0.5128205128205128,0.07692307692307693,39,5.435897435897436,6.0,2.436841922157276,0.1794871794871795,0.02564102564102564,-2.0000000000000004,0
0,nmcBqLsi,human,,1916,1992,76,86,QUEEN'S_PAWN,86,True,84,9.857142857142858,6.5,9.795702236844747,47.0,0.9937668935929452,0.25,0.42857142857142855,42,9.5,6.0,11.396010162291345,0.2857142857142857,0.3333333333333333,42,10.214285714285714,10.0,7.860497119520265,0.21428571428571427,0.5238095238095238,-0.7142857142857135,0
0,3NTlQsUb,human,,1866,1854,12,218,FRENCH,218,True,216,3.4074074074074074,2.0,4.123188798861415,27.0,1.2100662779267197,0.6203703703703703,0.08796296296296297,108,3.75,2.0,4.432884271325269,0.5462962962962963,0.10185185185185185,108,3.064814814814815,2.0,3.7571491067231935,0.6944444444444444,0.07407407407407407,0.6851851851851851,0
1,VyxNghYY,bot,maia1,1553,1564,11,112,CARO_KANN,112,True,110,4.6909090909090905,3.0,5.372904165677415,39.0,1.145386546946736,0.4636363636363636,0.13636363636363635,55,4.363636363636363,4.0,3.147083130679099,0.32727272727272727,0.05454545454545454,55,5.0181818181818185,2.0,6.900568906957558,0.6,0.21818181818181817,-0.6545454545454552,0
1,d9VIVZw6,bot,simpleEval,2268,1807,461,37,INDIAN_DEFENSE,37,True,35,7.057142857142857,5.0,8.035431741064453,32.0,1.1386239309200643,0.34285714285714286,0.22857142857142856,18,7.0,6.0,6.333333333333333,0.2777777777777778,0.2777777777777778,17,7.117647058823529,4.0,9.510875217604545,0.4117647058823529,0.17647058823529413,-0.117647058823529,1
0,1Ow2TTvu,human,,2230,2077,153,38,OTHER,38,True,36,7.638888888888889,5.5,9.425593932885839,46.0,1.233895933032328,0.3055555555555556,0.19444444444444445,18,9.38888888888889,4.5,12.732892177737018,0.3888888888888889,0.2777777777777778,18,5.888888888888889,6.5,3.0711722135745005,0.2222222222222222,0.1111111111111111,3.5,0
0,NZtWqSf0,human,,1839,1803,36,50,PETROV,50,True,48,6.979166666666667,5.0,6.612770420851527,34.0,0.9475014334354427,0.20833333333333334,0.20833333333333334,24,7.5,5.5,5.530220007679019,0.16666666666666666,0.25,24,6.458333333333333,4.0,7.5054378434720395,0.25,0.16666666666666666,1.041666666666667,0
0,DMB7lrdQ,human,,1806,1848,42,64,FRENCH,64,True,62,3.967741935483871,3.0,2.940088554379996,12.0,0.7409979283396738,0.3870967741935484,0.08064516129032258,31,4.741935483870968,4.0,3.1001325875442487,0.2903225806451613,0.0967741935483871,31,3.193548387096774,3.0,2.5453227799456597,0.4838709677419355,0.06451612903225806,1.548387096774194,0
1,wnipXtln,bot,simpleEval,2263,1829,434,80,OTHER,80,True,78,11.282051282051283,7.0,14.152011215133614,82.0,1.2543828122504794,0.19230769230769232,0.358974358974359,39,8.461538461538462,7.0,5.834671585010674,0.1282051282051282,0.3076923076923077,39,14.102564102564102,7.0,18.724445658556885,0.2564102564102564,0.41025641025641024,-5.6410256410256405,0
0,onRtccuS,human,,1971,1960,11,76,OTHER,76,True,74,12.486486486486486,6.0,15.657001924916674,76.0,1.253915738575578,0.17567567567567569,0.33783783783783783,37,9.432432432432432,5.0,12.906190721825604,0.13513513513513514,0.21621621621621623,37,15.54054054054054,8.0,17.465943068594477,0.21621621621621623,0.4594594594594595,-6.108108108108109,0
1,6PU2jsRa,bot,Lynx_BOT,2749,1955,794,105,FRENCH,105,True,103,6.330097087378641,3.0,6.896443926077083,44.0,1.0894689024324227,0.27184466019417475,0.2524271844660194,52,9.25,9.0,8.566201473950265,0.3269230769230769,0.5,51,3.3529411764705883,3.0,1.9181642511993096,0.21568627450980393,0.0,5.897058823529411,1
0,2jwOoNBQ,human,,1806,1801,5,60,RUY_LOPEZ,60,True,58,6.689655172413793,3.0,8.354653662009481,47.0,1.2488915267952319,0.3793103448275862,0.20689655172413793,29,4.655172413793103,3.0,3.622495444598316,0.3448275862068966,0.10344827586206896,29,8.724137931034482,4.0,10.8719714030102,0.41379310344827586,0.3103448275862069,-4.068965517241379,0
0,bl9nmgty,human,,1983,2048,65,51,OTHER,51,True,49,8.16326530612245,4.0,9.19926114773934,35.0,1.1269094905980692,0.3469387755102041,0.2857142857142857,25,8.08,3.0,9.887042024791844,0.44,0.28,24,8.25,4.5,8.422440263961509,0.25,0.2916666666666667,-0.16999999999999993,1
1,rCIZNz42,bot,Boris-Trapsky,2198,2242,44,122,OTHER,122,True,120,5.858333333333333,4.0,6.732131699708661,41.0,1.149154770931777,0.26666666666666666,0.16666666666666666,60,8.516666666666667,6.5,8.552761087638437,0.25,0.31666666666666665,60,3.2,3.0,1.833030277982336,0.2833333333333333,0.016666666666666666,5.316666666666667,0
0,QLOtUg8l,human,,2087,2079,8,33,QUEEN'S_PAWN,33,True,31,6.032258064516129,4.0,6.367679837589816,27.0,1.0556046789587397,0.3870967741935484,0.22580645161290322,16,5.4375,2.5,6.782042004440846,0.5,0.25,15,6.666666666666667,5.0,5.827139568909908,0.26666666666666666,0.2,-1.229166666666667,1
1,xzc4MeYM,bot,maia9,1723,1713,10,106,ZUKERTORT,106,True,104,5.480769230769231,5.0,4.737292250835121,43.0,0.8643480598014956,0.20192307692307693,0.08653846153846154,52,5.480769230769231,5.0,2.03328442725807,0.09615384615384616,0.019230769230769232,52,5.480769230769231,4.0,6.383543700603513,0.3076923076923077,0.15384615384615385,0.0,0
1,Otr839jU,bot,maia9,1713,1716,3,111,SICILIAN,111,True,109,5.91743119266055,5.0,6.22679684154028,47.0,1.0522803964773497,0.23853211009174313,0.07339449541284404,55,5.836363636363636,3.0,8.471907880784343,0.38181818181818183,0.12727272727272726,54,6.0,6.0,2.2689530951846817,0.09259259259259259,0.018518518518518517,-0.16363636363636402,1
1,aR7wtZhf,bot,maia1,1783,1597,186,34,OTHER,34,True,32,3.0625,2.0,2.4358969087381346,10.0,0.7953949089757174,0.59375,0.03125,16,1.875,1.0,1.899835519196333,0.8125,0.0,16,4.25,4.0,2.331844763272204,0.375,0.0625,-2.375,0
0,lIORaCM5,human,,1923,1877,46,20,MODERN_DEFENSE,20,True,18,2.388888888888889,2.0,2.0585563681832117,9.0,0.8617212704022748,0.7222222222222222,0.0,9,2.4444444444444446,2.0,1.640535895581489,0.5555555555555556,0.0,9,2.3333333333333335,2.0,2.4037008503093262,0.8888888888888888,0.0,0.11111111111111116,0
0,d23s8uub,human,,1820,1966,146,94,CARO_KANN,94,True,92,5.695652173913044,3.0,6.27926042868035,33.0,1.102465571447695,0.43478260869565216,0.1956521739130435,46,3.8260869565217392,2.0,3.749228023880017,0.5434782608695652,0.06521739130434782,46,7.565217391304348,3.0,7.603352160933742,0.32608695652173914,0.32608695652173914,-3.7391304347826084,0
1,MfU0802J,bot,OpeningsBot,2247,2512,265,113,SCANDINAVIAN,113,True,111,10.35135135135135,5.0,16.63256799155408,105.0,1.6068016075391671,0.34234234234234234,0.3063063063063063,56,9.857142857142858,6.0,10.406777618848366,0.21428571428571427,0.35714285714285715,55,10.854545454545455,3.0,21.1551998179843,0.4727272727272727,0.2545454545454545,-0.9974025974025977,1
0,DUBTtYhw,human,,1849,1924,75,80,QUEEN'S_GAMBIT,80,True,78,9.76923076923077,4.0,14.663685370296692,110.0,1.5010071638886378,0.3333333333333333,0.34615384615384615,39,13.897435897435898,8.0,18.47908710115423,0.15384615384615385,0.46153846153846156,39,5.641025641025641,2.0,7.381498630019758,0.5128205128205128,0.23076923076923078,8.256410256410255,0
1,wIWireHB,bot,Boris-Trapsky,2234,1422,812,57,OTHER,57,True,55,5.6909090909090905,5.0,5.023120099817452,32.0,0.8826568865493926,0.12727272727272726,0.09090909090909091,28,3.9642857142857144,4.0,1.3491304833945788,0.07142857142857142,0.0,27,7.481481481481482,5.0,6.573630657972415,0.18518518518518517,0.18518518518518517,-3.5171957671957674,1
0,bQZmGhsb,human,,2087,2142,55,76,CARO_KANN,76,True,74,13.472972972972974,5.0,21.35809421410836,147.0,1.585254736052175,0.36486486486486486,0.3783783783783784,37,13.972972972972974,4.0,25.171290474157352,0.40540540540540543,0.40540540540540543,37,12.972972972972974,6.0,16.68060289027508,0.32432432432432434,0.35135135135135137,1.0,0
1,OlE1rJJn,bot,maia9,1752,1475,277,33,QUEEN'S_GAMBIT,33,True,31,3.2580645161290325,3.0,2.0473073100157975,10.0,0.6283814515890072,0.3870967741935484,0.03225806451612903,16,3.0,2.5,1.9685019685029528,0.5,0.0,15,3.533333333333333,3.0,2.0933757957476775,0.26666666666666666,0.06666666666666667,-0.5333333333333332,1
0,pSkyJ2ji,human,,2186,2288,102,105,SCANDINAVIAN,105,True,103,4.844660194174757,3.0,4.720863179162966,22.0,0.9744467083242194,0.46601941747572817,0.13592233009708737,52,5.673076923076923,4.0,4.874269782968497,0.34615384615384615,0.17307692307692307,51,4.0,2.0,4.4014257939453945,0.5882352941176471,0.09803921568627451,1.6730769230769234,1
0,CDWwP856,human,,2076,2037,39,90,SICILIAN,90,True,88,9.738636363636363,3.0,17.477579350661742,100.0,1.7946639239886037,0.48863636363636365,0.25,44,12.590909090909092,3.5,21.968281041101655,0.4772727272727273,0.29545454545454547,44,6.886363636363637,2.5,10.585616117876244,0.5,0.20454545454545456,5.704545454545455,0
1,zOFATCsS,bot,maia1,1506,1500,6,47,OTHER,47,True,45,4.266666666666667,3.0,3.473071007368295,15.0,0.8140010173519441,0.4,0.1111111111111111,23,4.304347826086956,4.0,2.492332286602872,0.2608695652173913,0.043478260869565216,22,4.2272727272727275,2.0,4.263287444532769,0.5454545454545454,0.18181818181818182,0.07707509881422858,1
1,HVofVrLn,bot,Lynx_BOT,1579,2721,1142,34,QUEEN'S_GAMBIT,34,True,32,12.625,10.0,11.99153347157902,63.0,0.9498244333923976,0.09375,0.53125,16,11.9375,6.5,14.514943808020753,0.125,0.4375,16,13.3125,10.0,8.715781304622093,0.0625,0.625,-1.375,0
1,lTX2mhxI,bot,maia1,1568,1544,24,23,OTHER,23,True,21,5.333333333333333,2.0,6.22845492828284,25.0,1.1678352990530325,0.5238095238095238,0.19047619047619047,11,7.090909090909091,2.0,7.982418697641887,0.5454545454545454,0.36363636363636365,10,3.4,3.5,2.0591260281974,0.5,0.0,3.690909090909091,1
0,hxas7Khb,human,,1904,1910,6,159,INDIAN_DEFENSE,159,True,157,6.038216560509555,3.0,7.482365978819777,40.0,1.2391682053530642,0.4267515923566879,0.15286624203821655,79,5.708860759493671,3.0,7.334937892852569,0.45569620253164556,0.12658227848101267,78,6.371794871794871,3.0,7.614272991474081,0.3974358974358974,0.1794871794871795,-0.6629341123012003,1
1,6kf8qYi9,bot,maia1,1500,1573,73,36,ZUKERTORT,36,True,34,6.264705882352941,6.0,6.1515604119385925,35.0,0.9819392206850336,0.29411764705882354,0.14705882352941177,17,8.117647058823529,7.0,7.873128931343,0.23529411764705882,0.29411764705882354,17,4.411764705882353,5.0,2.613512928414478,0.35294117647058826,0.0,3.7058823529411757,0
1,bZ7Jg8Tj,bot,simpleEval,2251,2232,19,167,SARAGOSSA,167,True,165,6.484848484848484,5.0,4.817400355914419,24.0,0.7428701483419432,0.23636363636363636,0.21818181818181817,83,6.578313253012048,5.0,5.64431792741408,0.3373493975903614,0.20481927710843373,82,6.390243902439025,5.0,3.799088778939984,0.13414634146341464,0.23170731707317074,0.18806935057302354,1
0,5W4as39M,human,,2074,1821,253,93,OTHER,93,True,91,8.208791208791208,5.0,9.25762707060423,67.0,1.1277698305555355,0.32967032967032966,0.32967032967032966,46,8.91304347826087,5.5,10.981854771189653,0.41304347826086957,0.3695652173913043,45,7.488888888888889,5.0,7.000387996301736,0.24444444444444444,0.28888888888888886,1.4241545893719803,1
1,xtmLhQ2s,bot,maia9,1737,1476,261,55,OTHER,55,True,53,13.056603773584905,3.0,67.19119863026188,497.0,5.14614671590156,0.4528301886792453,0.07547169811320754,27,20.48148148148148,2.0,93.46513327731338,0.7037037037037037,0.037037037037037035,26,5.346153846153846,5.0,3.8123514618459633,0.19230769230769232,0.11538461538461539,15.135327635327634,1
0,7Czq5JCM,human,,1839,1864,25,44,OTHER,44,True,42,11.023809523809524,4.0,15.207279107995642,68.0,1.379494001157272,0.21428571428571427,0.3333333333333333,21,13.428571428571429,3.0,16.01657304934167,0.2857142857142857,0.42857142857142855,21,8.619047619047619,4.0,13.943683295846736,0.14285714285714285,0.23809523809523808,4.80952380952381,0
1,9JHEpppr,bot,OpeningsBot,2453,2133,320,124,QUEEN'S_GAMBIT,124,True,122,4.213114754098361,0.0,8.790111348067308,51.0,2.0863688413700614,0.6065573770491803,0.10655737704918032,61,8.37704918032787,5.0,10.945713936867948,0.21311475409836064,0.21311475409836064,61,0.04918032786885246,0.0,0.2162443599716872,1.0,0.0,8.327868852459018,0
1,9IHKNHoG,bot,Boris-Trapsky,2249,2139,110,72,OTHER,72,True,70,7.271428571428571,6.0,5.484839960085901,28.0,0.7543001909744853,0.07142857142857142,0.18571428571428572,35,5.371428571428571,5.0,2.859427657873555,0.14285714285714285,0.11428571428571428,35,9.17142857142857,6.0,6.691084534281267,0.0,0.2571428571428571,-3.8,0
1,vJFFj61Y,bot,Boris-Trapsky,2239,2190,49,75,MODERN_DEFENSE,75,True,73,10.315068493150685,4.0,42.84053793720071,370.0,4.153199560976961,0.4246575342465753,0.136986301369863,37,13.432432432432432,3.0,59.477699904881696,0.43243243243243246,0.02702702702702703,36,7.111111111111111,4.0,8.092444273579376,0.4166666666666667,0.25,6.321321321321321,1
1,JgCc7I5m,bot,Boris-Trapsky,2163,2220,57,40,OTHER,40,True,38,12.868421052631579,8.5,11.107539053395882,49.0,0.8631625440266739,0.05263157894736842,0.47368421052631576,19,17.210526315789473,12.0,13.869993918597768,0.10526315789473684,0.631578947368421,19,8.526315789473685,7.0,4.082935232256731,0.0,0.3157894736842105,8.684210526315788,0
0,diIh3Kvk,human,,1893,1897,4,80,FRENCH,80,True,78,7.935897435897436,3.0,11.873629198709844,67.0,1.4961923707582678,0.3717948717948718,0.19230769230769232,39,7.0,3.0,10.82494744465243,0.48717948717948717,0.1794871794871795,39,8.871794871794872,6.0,12.76850991683775,0.2564102564102564,0.20512820512820512,-1.8717948717948723,0
0,5GqttpZq,human,,1846,1855,9,72,FRENCH,72,True,70,4.414285714285715,3.0,4.621356811101065,23.0,1.0469093099581699,0.4857142857142857,0.1,35,5.714285714285714,4.0,5.634442188496586,0.37142857142857144,0.17142857142857143,35,3.1142857142857143,2.0,2.7544398297131494,0.6,0.02857142857142857,2.6,0
0,rydEEZyt,human,,1876,1844,32,60,BIRD,60,True,58,8.5,5.0,9.577721995374977,51.0,1.1267908229852914,0.1896551724137931,0.27586206896551724,29,4.482758620689655,4.0,2.8115609807778634,0.27586206896551724,0.06896551724137931,29,12.517241379310345,9.0,11.970137237870757,0.10344827586206896,0.4827586206896552,-8.03448275862069,0
1,fCadYdZF,bot,maia1,1530,1551,21,49,INDIAN_DEFENSE,49,True,47,3.74468085106383,1.0,5.725895210530292,28.0,1.529074289175703,0.5957446808510638,0.10638297872340426,24,0.20833333333333334,0.0,0.49826086429589156,1.0,0.0,23,7.434782608695652,7.0,6.330231721540152,0.17391304347826086,0.21739130434782608,-7.226449275362319,1
1,pq9KXrlq,bot,maia1,1570,1500,70,45,OTHER,45,True,43,4.5813953488372094,4.0,2.8055804700510474,14.0,0.6123855848334774,0.23255813953488372,0.09302325581395349,22,4.409090909090909,4.5,2.1670904438291303,0.22727272727272727,0.045454545454545456,21,4.761904761904762,4.0,3.336732960258067,0.23809523809523808,0.14285714285714285,-0.3528138528138527,1
0,J0RKEBLV,human,,1927,1901,26,37,FRENCH,37,True,35,8.314285714285715,5.0,9.038872965685265,51.0,1.087149669412317,0.2857142857142857,0.37142857142857144,18,7.277777777777778,3.0,5.8195604602596305,0.3333333333333333,0.4444444444444444,17,9.411764705882353,5.0,11.40205772723612,0.23529411764705882,0.29411764705882354,-2.1339869281045756,1
1,vMCpnFc5,bot,maia1,1431,1544,113,34,OTHER,34,True,32,4.375,3.0,4.8909993866284625,27.0,1.1179427169436487,0.40625,0.09375,16,4.625,2.5,6.450532923720334,0.5,0.125,16,4.125,3.0,2.4717149916606487,0.3125,0.0625,0.5,0
1,36zpHbJs,bot,simpleEval,1842,2260,418,28,ENGLISH,28,True,26,14.846153846153847,5.0,22.28778952992372,88.0,1.5012500719637738,0.34615384615384615,0.2692307692307692,13,21.615384615384617,5.0,27.74204934346322,0.38461538461538464,0.38461538461538464,13,8.076923076923077,5.0,11.498906559799758,0.3076923076923077,0.15384615384615385,13.53846153846154,0
0,XX2wXSlQ,human,,1818,1806,12,43,INDIAN_DEFENSE,43,True,41,6.487804878048781,4.0,7.0990275913265215,38.0,1.094211019715742,0.2926829268292683,0.21951219512195122,21,4.904761904761905,4.0,3.3933374764418796,0.23809523809523808,0.14285714285714285,20,8.15,4.5,9.264313250317047,0.35,0.3,-3.2452380952380953,1
1,UAn96Yyb,bot,simpleEval,2055,2249,194,66,CARO_KANN,66,True,64,7.390625,6.0,6.965578734705035,46.0,0.9424884545901104,0.234375,0.25,32,7.28125,4.0,9.100942173066478,0.375,0.21875,32,7.5,7.0,3.766629793329841,0.09375,0.28125,-0.21875,0
0,oEMqme5L,human,,2075,2034,41,92,OTHER,92,True,90,4.688888888888889,2.5,5.150284661915828,26.0,1.09840194211475,0.5,0.14444444444444443,45,4.644444444444445,2.0,4.624358480700289,0.5111111111111111,0.17777777777777778,45,4.733333333333333,3.0,5.626919425602451,0.4888888888888889,0.1111111111111111,-0.08888888888888857,0
0,WOQH6rNk,human,,1856,1802,54,91,PIRC,91,True,89,10.044943820224718,5.0,15.18271497412791,105.0,1.5114783363505415,0.25842696629213485,0.29213483146067415,45,11.955555555555556,5.0,19.722469482018113,0.3111111111111111,0.28888888888888886,44,8.090909090909092,5.0,7.803898157093094,0.20454545454545456,0.29545454545454547,3.864646464646464,1
0,NI1X6yla,human,,1941,1807,134,81,ENGLISH,81,True,79,8.860759493670885,4.0,11.506447479582244,51.0,1.2985847869814247,0.3670886075949367,0.31645569620253167,40,10.625,5.0,13.112374880241946,0.25,0.325,39,7.051282051282051,3.0,9.240237309497614,0.48717948717948717,0.3076923076923077,3.573717948717949,1
1,jTLjc72O,bot,simpleEval,2253,2408,155,214,SARAGOSSA,214,True,212,5.55188679245283,4.0,5.725822526923583,38.0,1.0313291212470685,0.37735849056603776,0.2028301886792453,106,5.566037735849057,4.0,5.8953433300960585,0.37735849056603776,0.19811320754716982,106,5.537735849056604,4.0,5.551091220791191,0.37735849056603776,0.20754716981132076,0.028301886792452713,0
0,DnhmBaNX,human,,2100,2129,29,79,CARO_KANN,79,True,77,12.2987012987013,7.0,11.855257954617343,59.0,0.9639438886014101,0.14285714285714285,0.42857142857142855,39,10.153846153846153,6.0,8.648516877561121,0.15384615384615385,0.41025641025641024,38,14.5,8.0,14.087601865320778,0.13157894736842105,0.4473684210526316,-4.346153846153847,1
1,dOj8Zr6n,bot,maia9,1708,1719,11,59,CARO_KANN,59,True,57,6.12280701754386,4.0,5.019506425160889,27.0,0.8198047743099447,0.19298245614035087,0.17543859649122806,29,7.0,4.0,6.421945134485721,0.20689655172413793,0.27586206896551724,28,5.214285714285714,5.0,2.637059277424962,0.17857142857142858,0.07142857142857142,1.7857142857142856,1
0,PfvVwB3u,human,,1866,1906,40,48,QUEEN'S_GAMBIT,48,True,46,6.478260869565218,4.0,5.570649522798945,22.0,0.8598989196266827,0.32608695652173914,0.2826086956521739,23,6.869565217391305,4.0,6.173606850949817,0.34782608695652173,0.30434782608695654,23,6.086956521739131,4.0,4.8625726191359355,0.30434782608695654,0.2608695652173913,0.7826086956521738,0
0,NyztgkmG,human,,1839,1811,28,62,CARO_KANN,62,True,60,12.233333333333333,8.5,12.92718926225737,59.0,1.0567184683044173,0.25,0.45,30,13.066666666666666,8.5,12.05524321151958,0.16666666666666666,0.4666666666666667,30,11.4,8.5,13.69330736771313,0.3333333333333333,0.43333333333333335,1.666666666666666,0
0,5YkH7xvt,human,,2203,2273,70,48,CARO_KANN,48,True,46,9.108695652173912,4.5,11.99678989829755,58.0,1.3170700127009245,0.32608695652173914,0.30434782608695654,23,9.652173913043478,4.0,13.27832066271666,0.391304347826087,0.34782608695652173,23,8.565217391304348,5.0,10.532872298940328,0.2608695652173913,0.2608695652173913,1.0869565217391308,0
1,GfKHhR2Y,bot,maia9,1725,1760,35,108,FRENCH,108,True,106,6.10377358490566,5.0,9.631835230681656,96.0,1.5780131908071955,0.3018867924528302,0.11320754716981132,53,6.584905660377358,3.0,13.37617420310661,0.4716981132075472,0.16981132075471697,53,5.622641509433962,6.0,2.4818314531914836,0.1320754716981132,0.05660377358490566,0.9622641509433958,0
1,Ko6Nw2Zi,bot,Boris-Trapsky,1766,2214,448,22,OTHER,22,True,20,3.95,3.0,2.3973944189473704,9.0,0.6069352959360431,0.3,0.0,10,3.2,2.0,2.5219040425836985,0.6,0.0,10,4.7,4.0,2.0024984394500787,0.0,0.0,-1.5,0
1,AUUdRQM9,bot,OpeningsBot,2426,2358,68,69,SICILIAN,69,True,67,8.313432835820896,9.0,6.811335931435338,26.0,0.8193168894186134,0.3283582089552239,0.44776119402985076,34,5.0588235294117645,2.0,5.945542949879189,0.5588235294117647,0.2647058823529412,33,11.666666666666666,13.0,5.967927748905948,0.09090909090909091,0.6363636363636364,-6.607843137254902,1
0,SkSJo2k9,human,,1822,1886,64,60,RUY_LOPEZ,60,True,58,8.39655172413793,6.0,7.669778702855311,38.0,0.9134438701552526,0.2413793103448276,0.3448275862068966,29,10.827586206896552,8.0,9.074667146996372,0.13793103448275862,0.41379310344827586,29,5.9655172413793105,4.0,4.845778529818254,0.3448275862068966,0.27586206896551724,4.862068965517241,0
0,UnED8jKk,human,,2357,2350,7,49,OTHER,49,True,47,10.702127659574469,6.0,11.173515215972786,54.0,1.044046153381155,0.2553191489361702,0.40425531914893614,24,14.958333333333334,13.0,13.110044389279881,0.20833333333333334,0.5416666666666666,23,6.260869565217392,4.0,6.095025707434803,0.30434782608695654,0.2608695652173913,8.697463768115941,1
1,nYzrFznw,bot,Boris-Trapsky,2228,2176,52,44,BENONI,44,True,42,5.357142857142857,4.0,4.994384601832382,27.0,0.9322851256753781,0.23809523809523808,0.16666666666666666,21,4.619047619047619,4.0,2.0581126461880292,0.047619047619047616,0.047619047619047616,21,6.095238095238095,3.0,6.675504346238117,0.42857142857142855,0.2857142857142857,-1.4761904761904763,0
1,y7qnWukP,bot,Lynx_BOT,2039,2739,700,44,OTHER,44,True,42,12.857142857142858,10.0,11.425892543174177,53.0,0.8886805311357693,0.16666666666666666,0.5476190476190477,21,13.904761904761905,10.0,14.806384600681918,0.3333333333333333,0.5238095238095238,21,11.80952380952381,10.0,6.299047907037014,0.0,0.5714285714285714,2.095238095238095,0
0,msjb5V66,human,,1852,1887,35,53,RUY_LOPEZ,53,True,51,9.686274509803921,3.0,14.145587819110727,81.0,1.460374450960824,0.37254901960784315,0.29411764705882354,26,10.346153846153847,4.5,11.747151234668664,0.3076923076923077,0.3076923076923077,25,9.0,3.0,16.240689640529432,0.44,0.28,1.3461538461538467,1
1,fHAAAJCR,bot,maia1,1555,1804,249,76,KING'S_PAWN,76,True,74,1.8783783783783783,1.0,2.3013081045277137,11.0,1.225156832626265,0.6621621621621622,0.013513513513513514,37,0.13513513513513514,0.0,0.3418678551533383,1.0,0.0,37,3.6216216216216215,4.0,2.096990782840089,0.32432432432432434,0.02702702702702703,-3.4864864864864864,0
1,iCs7713K,bot,simpleEval,2243,2237,6,135,OTHER,135,True,133,3.511278195488722,1.0,5.512278217594898,30.0,1.569877950621245,0.5639097744360902,0.09774436090225563,67,6.8059701492537314,5.0,6.1891547079636755,0.13432835820895522,0.19402985074626866,66,0.16666666666666666,0.0,0.37267799624996495,1.0,0.0,6.6393034825870645,1
1,wUQvzExB,bot,Lynx_BOT,2735,2392,343,65,FRENCH,65,True,63,10.571428571428571,10.0,7.865363664715783,35.0,0.7440208872028444,0.1746031746031746,0.5555555555555556,32,9.78125,7.5,9.329839143173906,0.21875,0.40625,31,11.387096774193548,13.0,5.878761222125269,0.12903225806451613,0.7096774193548387,-1.605846774193548,1
1,fEcUdMpv,bot,OpeningsBot,2375,2529,154,67,OTHER,67,True,65,12.092307692307692,9.0,20.288475756466035,133.0,1.677800157977471,0.4,0.4461538461538462,33,12.878787878787879,12.0,6.246247725793005,0.09090909090909091,0.696969696969697,32,11.28125,1.0,28.18824486266394,0.71875,0.1875,1.597537878787879,1
0,M540gZiK,human,,2034,2004,30,114,FRENCH,114,True,112,6.785714285714286,4.0,10.44751215381354,94.0,1.5396333700356795,0.3392857142857143,0.23214285714285715,56,5.446428571428571,3.0,5.999760837070159,0.4642857142857143,0.23214285714285715,56,8.125,4.0,13.368489737331695,0.21428571428571427,0.23214285714285715,-2.678571428571429,0
0,siUg0xw7,human,,1808,1819,11,72,OTHER,72,True,70,2.2857142857142856,2.0,2.256057605285678,12.0,0.987025202312484,0.7,0.014285714285714285,35,1.9714285714285715,1.0,2.0630866512612225,0.7428571428571429,0.0,35,2.6,2.0,2.392846481852583,0.6571428571428571,0.02857142857142857,-0.6285714285714286,0
1,7yl3qckK,bot,OpeningsBot,2519,2749,230,140,FRENCH,140,True,138,7.927536231884058,5.0,11.65173227225632,103.0,1.4697797564637771,0.37681159420289856,0.2608695652173913,69,8.53623188405797,2.0,15.67290629074275,0.5362318840579711,0.2463768115942029,69,7.318840579710145,7.0,5.01445086687708,0.21739130434782608,0.2753623188405797,1.2173913043478262,0
0,dt0GYcmu,human,,2077,2046,31,54,SICILIAN,54,True,52,8.903846153846153,5.0,10.09238024715946,55.0,1.1334854705233086,0.19230769230769232,0.34615384615384615,26,8.26923076923077,4.5,10.928289655426388,0.3076923076923077,0.34615384615384615,26,9.538461538461538,6.5,9.13670016695461,0.07692307692307693,0.34615384615384615,-1.2692307692307683,0
0,VKOgeBjE,human,,2137,2133,4,26,SICILIAN,26,True,24,5.958333333333333,3.0,6.71117952043868,24.0,1.1263518076260723,0.4166666666666667,0.20833333333333334,12,5.416666666666667,2.0,7.308195551722889,0.5833333333333334,0.16666666666666666,12,6.5,3.0,6.006940430313366,0.25,0.25,-1.083333333333333,0
0,3EW9qmT4,human,,1892,1913,21,117,OTHER,117,True,115,6.408695652173913,4.0,9.271645088467464,57.0,1.4467288808327794,0.33043478260869563,0.1391304347826087,58,7.810344827586207,5.0,10.6357511878273,0.3103448275862069,0.1724137931034483,57,4.982456140350878,3.0,7.368713444491087,0.3508771929824561,0.10526315789473684,2.8278886872353297,1
1,axt4snaX,bot,OpeningsBot,2520,2398,122,125,PETROV,125,True,123,7.4471544715447155,3.0,9.785673327475912,56.0,1.314015086549713,0.45528455284552843,0.34146341463414637,62,8.419354838709678,4.0,10.955258550410736,0.3064516129032258,0.3225806451612903,61,6.459016393442623,1.0,8.31663111667692,0.6065573770491803,0.36065573770491804,1.9603384452670554,1
0,idJfWvmS,human,,2047,2134,87,31,OTHER,31,True,29,5.172413793103448,3.0,5.146602263946382,19.0,0.9950097710296338,0.4827586206896552,0.1724137931034483,15,5.866666666666666,2.0,5.965083588871343,0.5333333333333333,0.2,14,4.428571428571429,3.0,3.958973274443148,0.42857142857142855,0.14285714285714285,1.4380952380952374,1
1,MfT72o8M,bot,maia9,1711,1704,7,127,MODERN_DEFENSE,127,True,125,6.576,5.0,8.51846371125686,81.0,1.2953868174052403,0.24,0.128,63,5.634920634920635,6.0,2.773466041362337,0.15873015873015872,0.07936507936507936,62,7.532258064516129,4.0,11.690522411594076,0.3225806451612903,0.1774193548387097,-1.8973374295954937,1
0,G3yVv9l1,human,,2084,2153,69,120,QUEEN'S_PAWN,120,True,118,7.203389830508475,4.0,8.357032278808616,41.0,1.1601527163522547,0.3135593220338983,0.2457627118644068,59,9.0,6.0,9.933678377202218,0.2542372881355932,0.3220338983050847,59,5.406779661016949,3.0,5.877618115713422,0.3728813559322034,0.1694915254237288,3.593220338983051,0
1,jirfIzGb,bot,Boris-Trapsky,2171,2228,57,82,QUEEN'S_PAWN,82,True,80,4.125,3.0,3.1834533136202894,16.0,0.7717462578473429,0.325,0.0625,40,4.225,3.0,3.3577336106367937,0.275,0.075,40,4.025,3.0,2.9957261223282745,0.375,0.05,0.1999999999999993,0
0,pRhSAfCn,human,,1858,1825,33,73,SICILIAN,73,True,71,11.464788732394366,6.0,17.1528595619666,79.0,1.496133942137136,0.352112676056338,0.28169014084507044,36,9.277777777777779,4.5,14.481043376910057,0.4166666666666667,0.2222222222222222,35,13.714285714285714,7.0,19.265915763443004,0.2857142857142857,0.34285714285714286,-4.436507936507935,1
1,q01FXTQp,bot,maia5,1429,1673,244,66,OTHER,66,True,64,2.09375,1.0,3.175682751393785,16.0,1.5167440006656885,0.703125,0.046875,32,4.09375,3.0,3.476343040826092,0.40625,0.09375,32,0.09375,0.0,0.2914805954090255,1.0,0.0,4.0,0
1,9Bcf79Q3,bot,maia9,1736,1500,236,49,FRENCH,49,True,47,9.46808510638298,6.0,19.193140467730483,134.0,2.0271406786142308,0.1702127659574468,0.1702127659574468,24,5.0,5.0,2.7688746209726918,0.25,0.041666666666666664,23,14.130434782608695,7.0,26.499063720664427,0.08695652173913043,0.30434782608695654,-9.130434782608695,1
1,zxqYUmlE,bot,maia1,1535,1536,1,137,SCANDINAVIAN,137,True,135,2.933333333333333,1.0,4.388874824168743,18.0,1.4962073264211626,0.6666666666666666,0.0962962962962963,68,5.676470588235294,4.0,4.791049180412882,0.3382352941176471,0.19117647058823528,67,0.14925373134328357,0.0,0.3563383995914424,1.0,0.0,5.527216856892011,1
0,eS5CaW0M,human,,2146,2145,1,31,INDIAN_DEFENSE,31,True,29,8.724137931034482,4.0,10.938374561603773,44.0,1.2538057797885749,0.20689655172413793,0.2413793103448276,15,7.533333333333333,3.0,11.080713976194053,0.2,0.2,14,10.0,5.5,10.63686312513502,0.21428571428571427,0.2857142857142857,-2.466666666666667,1
1,HoMLXXXY,bot,maia5,1660,1425,235,43,OTHER,43,True,41,5.609756097560975,4.0,3.811907203209104,17.0,0.6795138927459707,0.21951219512195122,0.17073170731707318,21,4.809523809523809,4.0,2.6836195816391184,0.19047619047619047,0.047619047619047616,20,6.45,5.5,4.565906262725944,0.25,0.3,-1.6404761904761909,1
1,J7crNnK6,bot,maia5,1463,1602,139,71,RUY_LOPEZ,71,True,69,3.6231884057971016,1.0,6.521094976239875,31.0,1.7998222134422055,0.6376811594202898,0.10144927536231885,35,7.0285714285714285,4.0,7.758813290282824,0.2857142857142857,0.2,34,0.11764705882352941,0.0,0.32218973970892123,1.0,0.0,6.9109243697478995,1
0,XfZwlTea,human,,1880,1878,2,28,OTHER,28,True,26,6.576923076923077,2.5,9.0561202294066,41.0,1.3769539530091908,0.5,0.19230769230769232,13,10.23076923076923,4.0,11.563562441192634,0.46153846153846156,0.38461538461538464,13,2.923076923076923,2.0,1.8998598515736107,0.5384615384615384,0.0,7.307692307692307,0
0,iWC8QnSR,human,,1944,1883,61,73,OTHER,73,True,71,5.323943661971831,3.0,6.1684674013350405,28.0,1.1586274748539362,0.39436619718309857,0.11267605633802817,36,5.5,3.0,6.157651067303722,0.3611111111111111,0.1388888888888889,35,5.142857142857143,3.0,6.174337938564088,0.42857142857142855,0.08571428571428572,0.35714285714285676,1
0,U8slih43,human,,2102,1949,153,95,QUEEN'S_PAWN,95,True,93,8.56989247311828,5.0,9.853112438190319,54.0,1.1497358303032619,0.26881720430107525,0.24731182795698925,47,8.638297872340425,4.0,10.685893528714235,0.2978723404255319,0.2127659574468085,46,8.5,5.0,8.92176137805515,0.2391304347826087,0.2826086956521739,0.13829787234042534,1
1,0PTHOmwM,bot,maia9,1770,1500,270,31,QUEEN'S_PAWN,31,True,29,2.793103448275862,2.0,2.2800379661815917,9.0,0.8163098891267427,0.6206896551724138,0.0,15,2.6,2.0,2.2150996967781533,0.6,0.0,14,3.0,2.0,2.32992949004287,0.6428571428571429,0.0,-0.3999999999999999,1
0,Nut3mEt5,human,,1918,1846,72,36,RUY_LOPEZ,36,True,34,12.147058823529411,10.0,10.496868869113461,55.0,0.8641490110166046,0.058823529411764705,0.5294117647058824,17,14.058823529411764,7.0,13.845664380784648,0.0,0.47058823529411764,17,10.235294117647058,10.0,4.62129866856526,0.11764705882352941,0.5882352941176471,3.8235294117647065,0
1,YPUcovlR,bot,maia9,1718,1761,43,48,OTHER,48,True,46,4.782608695652174,4.0,4.004959118709339,22.0,0.8374005430028617,0.32608695652173914,0.06521739130434782,23,5.086956521739131,3.0,5.282563964741733,0.43478260869565216,0.13043478260869565,23,4.478260869565218,4.0,1.9971624483227568,0.21739130434782608,0.0,0.6086956521739131,0
0,b5miDsmx,human,,1975,1936,39,131,OTHER,131,True,129,8.868217054263566,5.0,10.120498689310192,56.0,1.1412100794764115,0.35658914728682173,0.32558139534883723,65,8.876923076923077,3.0,11.994239248402918,0.4461538461538462,0.27692307692307694,64,8.859375,5.5,7.767856822146956,0.265625,0.375,0.01754807692307736,1
1,fQmnpjfo,bot,Boris-Trapsky,1946,2195,249,86,OTHER,86,True,84,9.214285714285714,5.0,12.403025196040096,75.0,1.34606474995784,0.27380952380952384,0.2619047619047619,42,13.119047619047619,6.0,16.20288390108434,0.23809523809523808,0.38095238095238093,42,5.309523809523809,5.0,3.8265245653769306,0.30952380952380953,0.14285714285714285,7.809523809523809,0
1,DbMSlfbK,bot,simpleEval,2065,2242,177,64,PIRC,64,True,62,10.580645161290322,6.5,10.397810543566177,53.0,0.9827198989346082,0.16129032258064516,0.3387096774193548,31,13.67741935483871,8.0,13.501223592754876,0.25806451612903225,0.45161290322580644,31,7.483870967741935,6.0,3.8426382716275134,0.06451612903225806,0.22580645161290322,6.193548387096775,0
0,mfM8090B,human,,1883,1839,44,120,OTHER,120,True,118,5.796610169491525,3.0,6.461829674816356,36.0,1.1147600900998977,0.3898305084745763,0.1864406779661017,59,6.813559322033898,3.0,7.954264555530087,0.4067796610169492,0.2542372881355932,59,4.779661016949152,3.0,4.262838223015151,0.3728813559322034,0.11864406779661017,2.0338983050847457,0
1,P5Ned5qa,bot,simpleEval,2246,1872,374,51,QUEEN'S_PAWN,51,True,49,9.204081632653061,7.0,7.732728197802585,34.0,0.8401412010916334,0.14285714285714285,0.30612244897959184,25,7.0,6.0,4.409081537009721,0.12,0.2,24,11.5,8.0,9.565563234854496,0.16666666666666666,0.4166666666666667,-4.5,1
0,cHuOLiOP,human,,1866,1867,1,129,RUY_LOPEZ,129,True,127,6.496062992125984,4.0,7.080942612357239,57.0,1.0900360142659022,0.2283464566929134,0.1732283464566929,64,7.703125,5.0,8.255073605630358,0.09375,0.234375,63,5.26984126984127,3.0,5.3724941717603,0.36507936507936506,0.1111111111111111,2.4332837301587302,1
1,YTfcGjTb,bot,Boris-Trapsky,1704,2208,504,50,OTHER,50,True,48,6.791666666666667,6.0,5.07016737615458,25.0,0.7465277118264412,0.22916666666666666,0.2708333333333333,24,9.125,9.5,5.688530126491377,0.041666666666666664,0.5,24,4.458333333333333,4.0,2.857434260933321,0.4166666666666667,0.041666666666666664,4.666666666666667,0
1,mOU2FZ0K,bot,Boris-Trapsky,1658,2237,579,30,OTHER,30,True,28,4.964285714285714,4.0,3.087788654605461,13.0,0.6220005922946252,0.25,0.10714285714285714,14,5.214285714285714,3.5,3.745064779690951,0.35714285714285715,0.14285714285714285,14,4.714285714285714,4.0,2.2177392423228603,0.14285714285714285,0.07142857142857142,0.5,0
1,zlEXDjcs,bot,OpeningsBot,2459,1687,772,48,BIRD,48,True,46,9.608695652173912,5.5,12.107271011345,66.0,1.260032729687489,0.3695652173913043,0.34782608695652173,23,10.478260869565217,9.0,10.462643963862853,0.34782608695652173,0.34782608695652173,23,8.73913043478261,4.0,13.497881931442455,0.391304347826087,0.34782608695652173,1.7391304347826075,0
1,J639pqWz,bot,Lynx_BOT,2307,2741,434,183,RUY_LOPEZ,183,True,181,4.149171270718232,1.0,9.050189209490176,86.0,2.1812040571474327,0.712707182320442,0.11049723756906077,91,1.6703296703296704,1.0,5.007806971174932,0.989010989010989,0.01098901098901099,90,6.655555555555556,3.0,11.263669336125783,0.43333333333333335,0.2111111111111111,-4.985225885225885,1
1,ux6zcSck,bot,simpleEval,2245,2349,104,160,SARAGOSSA,160,True,158,6.7215189873417724,5.0,7.108448724039423,46.0,1.0575658177007805,0.3860759493670886,0.31645569620253167,79,7.177215189873418,6.0,6.854287198850529,0.25316455696202533,0.2911392405063291,79,6.265822784810126,1.0,7.325538578307103,0.5189873417721519,0.34177215189873417,0.9113924050632916,0
1,etk0dZD3,bot,simpleEval,1939,2314,375,43,RUY_LOPEZ,43,True,41,10.195121951219512,5.0,13.27792871041212,58.0,1.302380567289227,0.21951219512195122,0.2926829268292683,21,12.952380952380953,4.0,17.434165118487456,0.2857142857142857,0.2857142857142857,20,7.3,5.5,5.090186637049765,0.15,0.3,5.652380952380953,1
0,nc9yszM8,human,,2138,2111,27,27,SICILIAN,27,True,25,9.6,5.0,10.342146779078316,42.0,1.0773069561539914,0.28,0.36,13,7.538461538461538,4.0,7.196317269862462,0.23076923076923078,0.3076923076923077,12,11.833333333333334,8.5,12.535505130982513,0.3333333333333333,0.4166666666666667,-4.294871794871796,1
1,pMyZ0xDV,bot,OpeningsBot,2255,2436,181,117,QUEEN'S_GAMBIT,117,True,115,8.947826086956521,5.0,11.77827290672985,95.0,1.3163278758735983,0.26956521739130435,0.3565217391304348,58,7.793103448275862,6.0,4.517241379310345,0.06896551724137931,0.3620689655172414,57,10.12280701754386,3.0,16.012133749390546,0.47368421052631576,0.3508771929824561,-2.3297035692679975,1
1,zBHhAJq7,bot,maia9,1703,1712,9,107,SICILIAN,107,True,105,4.6761904761904765,4.0,3.5415768295929,19.0,0.7573636804628401,0.3333333333333333,0.06666666666666667,53,5.3584905660377355,6.0,2.5409427727596112,0.16981132075471697,0.03773584905660377,52,3.980769230769231,2.5,4.2175931188269375,0.5,0.09615384615384616,1.3777213352685047,1
0,kmJYvFJj,human,,1918,1892,26,104,BENONI,104,True,102,7.588235294117647,5.0,10.373753590310491,77.0,1.367083806475026,0.2647058823529412,0.21568627450980393,51,6.803921568627451,5.0,7.6645852447631295,0.27450980392156865,0.23529411764705882,51,8.372549019607844,5.0,12.460070789956786,0.2549019607843137,0.19607843137254902,-1.5686274509803928,0
0,RSParA0G,human,,1974,2093,119,88,SCANDINAVIAN,88,True,86,9.325581395348838,5.0,11.988795021073981,69.0,1.285581510987983,0.32558139534883723,0.32558139534883723,43,11.651162790697674,8.0,12.051987621328774,0.16279069767441862,0.4186046511627907,43,7.0,3.0,11.46278102544096,0.4883720930232558,0.23255813953488372,4.651162790697674,0
0,NFMQqxMT,human,,1997,1993,4,30,BENONI,30,True,28,6.785714285714286,2.0,11.305362643002475,56.0,1.6660534421266806,0.5357142857142857,0.25,14,3.4285714285714284,2.0,3.7361990944634345,0.5714285714285714,0.14285714285714285,14,10.142857142857142,2.5,14.802785176431895,0.5,0.35714285714285715,-6.7142857142857135,0
1,4KOOBK8h,bot,Humaia,1401,1575,174,64,INDIAN_DEFENSE,64,True,62,12.82258064516129,9.0,15.769022504886768,108.0,1.2297854028968298,0.1774193548387097,0.4838709677419355,31,8.161290322580646,8.0,4.040893978010219,0.12903225806451613,0.3870967741935484,31,17.483870967741936,13.0,20.917458316797564,0.22580645161290322,0.5806451612903226,-9.32258064516129,0
1,6H0lPmeP,bot,simpleEval,2343,2260,83,101,OTHER,101,True,99,10.030303030303031,7.0,10.397605149142064,65.0,1.036619244476399,0.1717171717171717,0.35353535353535354,50,9.22,8.0,5.423246260313098,0.08,0.42,49,10.857142857142858,6.0,13.677032737030205,0.2653061224489796,0.2857142857142857,-1.637142857142857,1
1,TYBEs2Rq,bot,maia1,1416,1559,143,93,RUY_LOPEZ,93,True,91,6.0989010989010985,5.0,4.723229815636486,24.0,0.774439483284541,0.18681318681318682,0.16483516483516483,46,6.739130434782608,4.0,5.997951761294255,0.2391304347826087,0.2391304347826087,45,5.444444444444445,6.0,2.737034531147051,0.13333333333333333,0.08888888888888889,1.2946859903381638,1
1,iAO94Aym,bot,maia9,1473,1763,290,37,FRENCH,37,True,35,4.171428571428572,3.0,3.31650172221716,17.0,0.7950517827232917,0.4857142857142857,0.05714285714285714,18,4.833333333333333,3.0,3.9334745737353156,0.4444444444444444,0.1111111111111111,17,3.4705882352941178,2.0,2.303900709125428,0.5294117647058824,0.0,1.3627450980392153,1
0,kMhzat2b,human,,2023,1931,92,63,HUNGARIAN_OPENING,63,True,61,10.934426229508198,7.0,11.54303260499457,60.0,1.055659653530238,0.21311475409836064,0.3770491803278688,31,8.161290322580646,6.0,8.824806583619464,0.1935483870967742,0.22580645161290322,30,13.8,11.0,13.202020047452335,0.23333333333333334,0.5333333333333333,-5.638709677419355,1
1,RC3jkTfR,bot,Boris-Trapsky,2234,1422,812,53,OTHER,53,True,51,5.0588235294117645,4.0,4.513212692971093,22.0,0.8921466951221929,0.1568627450980392,0.09803921568627451,26,3.730769230769231,4.0,0.8574421849849213,0.038461538461538464,0.0,25,6.44,4.0,6.086575391794634,0.28,0.2,-2.7092307692307696,1
1,SeC9rRMq,bot,maia5,1565,1654,89,59,KING'S_PAWN,59,True,57,6.0701754385964914,4.0,6.688192395040752,42.0,1.1018120419575805,0.22807017543859648,0.08771929824561403,29,6.931034482758621,4.0,8.889866507212147,0.1724137931034483,0.13793103448275862,28,5.178571428571429,6.0,2.765263762007051,0.2857142857142857,0.03571428571428571,1.7524630541871922,1
0,wg1Gicqs,human,,1890,1828,62,68,BIRD,68,True,66,6.7272727272727275,5.5,5.255719696833197,24.0,0.7812556306103401,0.2727272727272727,0.2727272727272727,33,6.96969696969697,6.0,4.427769453394684,0.18181818181818182,0.30303030303030304,33,6.484848484848484,5.0,5.960075310288947,0.36363636363636365,0.24242424242424243,0.4848484848484853,0
1,Ss6lIpKc,bot,Boris-Trapsky,2215,1754,461,45,PHILIDOR,45,True,43,5.441860465116279,5.0,4.127628552680354,17.0,0.7584958451506633,0.3023255813953488,0.11627906976744186,22,7.0,7.0,2.8762349126466136,0.0,0.09090909090909091,21,3.8095238095238093,2.0,4.583812590898621,0.6190476190476191,0.14285714285714285,3.1904761904761907,1
0,u57ZKpE5,human,,2130,2068,62,52,OTHER,52,True,50,5.64,3.0,5.581254339304024,27.0,0.9895841027134795,0.46,0.16,25,6.52,5.0,6.53678820216779,0.48,0.2,25,4.76,3.0,4.245279731654912,0.44,0.12,1.7599999999999998,0
0,avArJNo0,human,,1966,1956,10,68,QUEEN'S_PAWN,68,True,66,12.803030303030303,7.0,14.848956393254669,73.0,1.1598001443252168,0.13636363636363635,0.4393939393939394,33,13.727272727272727,9.0,14.13200264019893,0.030303030303030304,0.48484848484848486,33,11.878787878787879,5.0,15.47776034177519,0.24242424242424243,0.3939393939393939,1.8484848484848477,0
1,iZYAiFwS,bot,maia1,1498,1500,2,43,OTHER,43,True,41,6.560975609756097,4.0,11.826074499705125,78.0,1.8024871914048706,0.2926829268292683,0.07317073170731707,21,4.809523809523809,5.0,2.6836195816391184,0.23809523809523808,0.0,20,8.4,3.0,16.508785539826967,0.35,0.15,-3.590476190476191,1
0,OKSzlM6Y,human,,1990,2001,11,88,CARO_KANN,88,True,86,7.162790697674419,4.0,11.749181530243336,98.0,1.6403078110404656,0.2558139534883721,0.16279069767441862,43,9.023255813953488,4.0,15.932252460636034,0.3953488372093023,0.2558139534883721,43,5.3023255813953485,4.0,3.914997304468645,0.11627906976744186,0.06976744186046512,3.72093023255814,0
0,6oJpmzio,human,,1846,1837,9,51,PHILIDOR,51,True,49,4.612244897959184,3.0,4.3510089213770335,20.0,0.9433603413605072,0.4489795918367347,0.16326530612244897,25,5.36,3.0,5.066596490742084,0.36,0.16,24,3.8333333333333335,2.0,3.2744804507314167,0.5416666666666666,0.16666666666666666,1.5266666666666668,1
0,UZauG8Z2,human,,1945,1950,5,69,FRENCH,69,True,67,17.52238805970149,6.0,23.369426518203397,115.0,1.3336895883472126,0.2537313432835821,0.43283582089552236,34,17.0,6.5,20.286187708998106,0.23529411764705882,0.4411764705882353,33,18.060606060606062,6.0,26.15795770215714,0.2727272727272727,0.42424242424242425,-1.0606060606060623,1
1,4mvvdAHi,bot,Boris-Trapsky,2198,1863,335,75,QUEEN'S_PAWN,75,True,73,5.863013698630137,4.0,6.529836827962269,31.0,1.1137338514982373,0.3287671232876712,0.136986301369863,37,3.3513513513513513,3.0,1.9481968963178486,0.3783783783783784,0.0,36,8.444444444444445,5.0,8.331481275674427,0.2777777777777778,0.2777777777777778,-5.093093093093094,1
1,QdlSMPUR,bot,maia5,1709,1589,120,73,PIRC,73,True,71,7.47887323943662,5.0,8.83791313543902,67.0,1.1817171989005093,0.2112676056338028,0.19718309859154928,36,9.61111111111111,6.5,11.788124386144299,0.2222222222222222,0.3333333333333333,35,5.285714285714286,5.0,2.4561459771814236,0.2,0.05714285714285714,4.325396825396825,1
0,4f8UxP39,human,,2292,2239,53,99,CARO_KANN,99,True,97,5.030927835051546,4.0,4.532707272877474,30.0,0.9009684538301537,0.3917525773195876,0.12371134020618557,49,5.183673469387755,3.0,5.359231857035054,0.42857142857142855,0.14285714285714285,48,4.875,4.0,3.485834429037998,0.3541666666666667,0.10416666666666667,0.3086734693877551,1
0,qV2o1E2u,human,,1921,1945,24,58,CARO_KANN,58,True,56,8.0,5.0,7.319250547113999,31.0,0.9149063183892499,0.32142857142857145,0.39285714285714285,28,6.964285714285714,4.0,6.753211632026556,0.35714285714285715,0.32142857142857145,28,9.035714285714286,8.5,7.706593387006548,0.2857142857142857,0.4642857142857143,-2.071428571428572,0
0,a6rX0AcI,human,,1930,1976,46,87,PHILIDOR,87,True,85,5.517647058823529,4.0,5.30174613789897,33.0,0.9608708352268922,0.3411764705882353,0.1411764705882353,43,5.767441860465116,4.0,5.790277373371096,0.3488372093023256,0.13953488372093023,42,5.261904761904762,4.0,4.736180517641997,0.3333333333333333,0.14285714285714285,0.505537098560354,1
0,EBdQNlmY,human,,2011,2018,7,91,OTHER,91,True,89,8.561797752808989,4.0,10.965681968657844,53.0,1.2807686288852338,0.3595505617977528,0.33707865168539325,45,7.111111111111111,3.0,9.028897366473991,0.4444444444444444,0.28888888888888886,44,10.045454545454545,4.5,12.469881069372615,0.2727272727272727,0.38636363636363635,-2.9343434343434343,1
1,oo2SdzOz,bot,maia9,1700,1718,18,73,SICILIAN,73,True,71,5.76056338028169,5.0,4.17053645595983,30.0,0.7239806561690659,0.19718309859154928,0.09859154929577464,36,6.166666666666667,4.5,5.273097339852125,0.2222222222222222,0.1388888888888889,35,5.3428571428571425,5.0,2.517854609927804,0.17142857142857143,0.05714285714285714,0.8238095238095244,1
1,d5kxNrJV,bot,Boris-Trapsky,2233,1986,247,43,FRENCH,43,True,41,4.097560975609756,4.0,3.4344373490891575,19.0,0.8381662578134254,0.3170731707317073,0.07317073170731707,21,4.238095238095238,4.0,2.4281045302822784,0.23809523809523808,0.047619047619047616,20,3.95,3.0,4.236448984704053,0.4,0.1,0.28809523809523796,1
1,R0GX1lCZ,bot,maia5,1416,1592,176,30,OTHER,30,True,28,6.392857142857143,3.0,9.656009548885256,43.0,1.5104372478703194,0.42857142857142855,0.10714285714285714,14,9.357142857142858,3.5,12.764947220847425,0.42857142857142855,0.21428571428571427,14,3.4285714285714284,3.0,2.4411439272335804,0.42857142857142855,0.0,5.928571428571429,0
0,KV1X3ZTR,human,,1883,1866,17,107,OTHER,107,True,105,5.514285714285714,3.0,6.161499949902869,37.0,1.1173704572362717,0.38095238095238093,0.17142857142857143,53,5.283018867924528,3.0,5.941149620314637,0.37735849056603776,0.16981132075471697,52,5.75,3.0,6.369624430420948,0.38461538461538464,0.17307692307692307,-0.466981132075472,1
1,SYTFuDKS,bot,maia9,1859,1740,119,57,SICILIAN,57,True,55,10.290909090909091,7.0,11.88837893570895,77.0,1.1552311686642973,0.2,0.32727272727272727,28,15.357142857142858,14.0,14.820869180493636,0.14285714285714285,0.6071428571428571,27,5.037037037037037,5.0,2.426420645060622,0.25925925925925924,0.037037037037037035,10.32010582010582,1
0,gz3EOlpE,human,,1996,2001,5,88,OTHER,88,True,86,9.05813953488372,5.0,10.943145514337816,53.0,1.2081007884891557,0.3023255813953488,0.3372093023255814,43,12.813953488372093,7.0,13.784480342886273,0.23255813953488372,0.4883720930232558,43,5.3023255813953485,4.0,4.613100071111592,0.37209302325581395,0.18604651162790697,7.511627906976744,0
0,Z2vlJCS8,human,,2088,2064,24,44,OTHER,44,True,42,17.666666666666668,5.0,22.633378918531836,86.0,1.2811346557659529,0.38095238095238093,0.4523809523809524,21,15.476190476190476,3.0,23.989321131384088,0.47619047619047616,0.38095238095238093,21,19.857142857142858,10.0,20.963200669576324,0.2857142857142857,0.5238095238095238,-4.380952380952381,0
0,vadR8zhd,human,,1857,1854,3,114,OTHER,114,True,112,8.5,5.0,12.485706113106184,104.0,1.4689066015419041,0.21428571428571427,0.25,56,9.875,5.5,15.88020162250557,0.14285714285714285,0.2857142857142857,56,7.125,5.0,7.471523319530343,0.2857142857142857,0.21428571428571427,2.75,0
0,BLBRHhon,human,,2016,2001,15,33,SCANDINAVIAN,33,True,31,7.548387096774194,5.0,8.225996202745018,38.0,1.0897687277140835,0.3548387096774194,0.2903225806451613,16,10.0625,8.5,9.730549509149007,0.25,0.375,15,4.866666666666666,3.0,4.9915484126226355,0.4666666666666667,0.2,5.195833333333334,1
1,iDEFLOd2,bot,Boris-Trapsky,2205,2158,47,28,OTHER,28,True,26,6.6923076923076925,7.0,3.207793763383545,12.0,0.47932550487340325,0.15384615384615385,0.2692307692307692,13,8.0,8.0,2.908872369413698,0.07692307692307693,0.38461538461538464,13,5.384615384615385,5.0,2.9492753096432023,0.23076923076923078,0.15384615384615385,2.615384615384615,0
1,BPZY9FV9,bot,maia1,1584,1779,195,78,ZUKERTORT,78,True,76,3.986842105263158,4.0,2.9267074236230557,13.0,0.7340916310077631,0.4342105263157895,0.039473684210526314,38,5.7894736842105265,6.0,2.4937595243120283,0.13157894736842105,0.05263157894736842,38,2.1842105263157894,1.5,2.1008176748702136,0.7368421052631579,0.02631578947368421,3.605263157894737,0
1,d4I3sUFi,bot,maia1,1755,1553,202,95,ENGLISH,95,True,93,5.881720430107527,5.0,5.608843750980762,33.0,0.9536059759437128,0.27956989247311825,0.10752688172043011,47,6.723404255319149,4.0,7.379390875108966,0.3617021276595745,0.2127659574468085,46,5.021739130434782,5.5,2.5494170726281604,0.1956521739130435,0.0,1.701665124884367,1
0,C73eoHiB,human,,1944,2002,58,24,OTHER,24,True,22,2.1363636363636362,2.0,1.8413299182299177,9.0,0.8618991106608126,0.7727272727272727,0.0,11,1.5454545454545454,1.0,1.0756508696544755,0.8181818181818182,0.0,11,2.727272727272727,2.0,2.2193737483152187,0.7272727272727273,0.0,-1.1818181818181817,0
1,QAVWOY3f,bot,Boris-Trapsky,2171,2251,80,80,QUEEN'S_PAWN,80,True,78,9.576923076923077,5.0,12.685060090788035,65.0,1.324544427150558,0.15384615384615385,0.2564102564102564,39,14.76923076923077,8.0,16.168125556899557,0.15384615384615385,0.46153846153846156,39,4.384615384615385,4.0,2.5481555382163785,0.15384615384615385,0.05128205128205128,10.384615384615385,0
0,dnpJ86OI,human,,1826,1809,17,47,QUEEN'S_PAWN,47,True,45,5.133333333333334,4.0,3.8099285499278794,18.0,0.7421938733625738,0.26666666666666666,0.15555555555555556,23,5.217391304347826,4.0,3.3616316139265576,0.21739130434782608,0.13043478260869565,22,5.045454545454546,3.0,4.226295097119212,0.3181818181818182,0.18181818181818182,0.1719367588932803,1
0,4XdOH7vq,human,,2171,2108,63,100,RUY_LOPEZ,100,True,98,8.693877551020408,7.0,7.6737136305028635,41.0,0.882657201630611,0.12244897959183673,0.336734693877551,49,9.183673469387756,7.0,7.705480343362715,0.16326530612244897,0.3469387755102041,49,8.204081632653061,6.0,7.6103570455454355,0.08163265306122448,0.32653061224489793,0.979591836734695,0
1,7K2bVYJG,bot,OpeningsBot,2367,2518,151,190,SCANDINAVIAN,190,True,188,5.973404255319149,2.0,7.974983165885186,52.0,1.3350817766575378,0.5425531914893617,0.26063829787234044,94,5.670212765957447,1.0,7.065631979793427,0.5319148936170213,0.2872340425531915,94,6.276595744680851,2.0,8.780302247643977,0.5531914893617021,0.23404255319148937,-0.6063829787234036,0
0,8O8jF5VM,human,,1856,1807,49,24,PETROV,24,True,22,14.227272727272727,8.5,14.939063552803795,59.0,1.050030026075666,0.2727272727272727,0.5,11,13.363636363636363,7.0,15.691762328007574,0.09090909090909091,0.45454545454545453,11,15.090909090909092,12.0,14.093548139966519,0.45454545454545453,0.5454545454545454,-1.7272727272727284,0
1,jz4FHmND,bot,maia5,1670,1662,8,108,QUEEN'S_PAWN,108,True,106,8.264150943396226,5.0,14.002224814321508,100.0,1.6943331396325114,0.27358490566037735,0.22641509433962265,53,5.509433962264151,5.0,2.84586851490535,0.16981132075471697,0.11320754716981132,53,11.018867924528301,4.0,19.205434142585727,0.37735849056603776,0.33962264150943394,-5.509433962264151,0
0,EsMjqIO2,human,,1931,1899,32,71,MODERN_DEFENSE,71,True,69,6.927536231884058,4.0,7.207722992834899,33.0,1.0404453692585942,0.2898550724637681,0.2028985507246377,35,6.371428571428571,3.0,7.203513881773114,0.37142857142857144,0.2,34,7.5,5.0,7.167122648512688,0.20588235294117646,0.20588235294117646,-1.128571428571429,1
0,IOzPsrAh,human,,1913,1932,19,49,OTHER,49,True,47,6.723404255319149,4.0,7.870500072407669,42.0,1.170612352541647,0.23404255319148937,0.23404255319148937,24,7.5,4.0,7.393691004272945,0.16666666666666666,0.2916666666666667,23,5.913043478260869,3.0,8.261556035550713,0.30434782608695654,0.17391304347826086,1.5869565217391308,1
0,rq8wN70c,human,,1813,1813,0,86,OTHER,86,True,84,12.44047619047619,7.0,13.398961571771675,54.0,1.0770457148601156,0.2261904761904762,0.39285714285714285,42,11.952380952380953,9.0,10.571643069466951,0.16666666666666666,0.42857142857142855,42,12.928571428571429,5.0,15.710768004541249,0.2857142857142857,0.35714285714285715,-0.9761904761904763,0
1,KQLqW6al,bot,maia5,1555,1679,124,107,OTHER,107,True,105,4.9904761904761905,5.0,3.5281054894477295,25.0,0.7069677030381901,0.23809523809523808,0.08571428571428572,53,4.169811320754717,3.0,4.15608600822894,0.37735849056603776,0.07547169811320754,52,5.826923076923077,6.0,2.478532086089496,0.09615384615384616,0.09615384615384616,-1.6571117561683595,1
1,JPBJgVDu,bot,simpleEval,2193,2255,62,120,QUEEN'S_PAWN,120,True,118,7.364406779661017,7.0,4.877595361701953,27.0,0.6623201987121179,0.13559322033898305,0.2542372881355932,59,8.135593220338983,8.0,5.20253402115834,0.1694915254237288,0.3728813559322034,59,6.593220338983051,6.0,4.396141004461953,0.1016949152542373,0.13559322033898305,1.5423728813559316,0
1,Wf8zSKKV,bot,OpeningsBot,1687,2459,772,46,SICILIAN,46,True,44,5.5,1.0,8.178408380385736,35.0,1.4869833418883156,0.6136363636363636,0.22727272727272727,22,4.681818181818182,1.5,7.724732202691935,0.6363636363636364,0.13636363636363635,22,6.318181818181818,1.0,8.530087730745498,0.5909090909090909,0.3181818181818182,-1.6363636363636367,0
1,5nMnSytK,bot,maia5,1858,1639,219,89,SCANDINAVIAN,89,True,87,7.563218390804598,5.0,8.599253040837409,62.0,1.1369833047915723,0.1724137931034483,0.22988505747126436,44,9.795454545454545,5.0,11.338950459397076,0.1590909090909091,0.38636363636363635,43,5.27906976744186,6.0,2.7813797930653124,0.18604651162790697,0.06976744186046512,4.516384778012685,1
0,ezPlDkAn,human,,1970,1870,100,79,OTHER,79,True,77,11.857142857142858,7.0,15.26196723180818,84.0,1.2871538629235815,0.12987012987012986,0.3116883116883117,39,10.871794871794872,6.0,14.558774756807692,0.15384615384615385,0.28205128205128205,38,12.868421052631579,7.5,15.888047564180503,0.10526315789473684,0.34210526315789475,-1.9966261808367065,1
1,9mHjLKF5,bot,OpeningsBot,2360,2488,128,128,ENGLISH,128,True,126,7.674603174603175,5.5,8.153127129230032,36.0,1.0623516218024653,0.3888888888888889,0.373015873015873,63,6.888888888888889,1.0,8.313521422837123,0.5555555555555556,0.3968253968253968,63,8.46031746031746,7.0,7.9118665083057795,0.2222222222222222,0.3492063492063492,-1.5714285714285712,0
0,IUGnnNXf,human,,1801,1802,1,33,OTHER,33,True,31,17.806451612903224,11.0,16.954244600972174,64.0,0.9521405482430026,0.16129032258064516,0.6129032258064516,16,17.4375,10.5,17.09520674779922,0.1875,0.5625,15,18.2,14.0,16.793649593422707,0.13333333333333333,0.6666666666666666,-0.7624999999999993,1
1,BwsgUCqr,bot,Lynx_BOT,1499,2740,1241,264,RUY_LOPEZ,264,True,262,4.404580152671755,1.0,10.879126751239262,149.0,2.4699577199520686,0.6984732824427481,0.16030534351145037,131,4.229007633587786,1.0,13.428103653066541,0.7709923664122137,0.12213740458015267,131,4.580152671755725,0.0,7.505676425389355,0.6259541984732825,0.1984732824427481,-0.35114503816793885,0
0,QDIIEqK0,human,,1877,1933,56,99,BENONI,99,True,97,7.22680412371134,3.0,11.63314244683854,72.0,1.6097215653970591,0.4742268041237113,0.15463917525773196,49,4.122448979591836,2.0,5.024968892425693,0.5510204081632653,0.061224489795918366,48,10.395833333333334,4.0,15.093789538710578,0.3958333333333333,0.25,-6.2733843537414975,1
0,lK89Ze1t,human,,2142,1994,148,59,PIRC,59,True,57,6.701754385964913,4.0,9.505243081843668,51.0,1.4183216116887147,0.3333333333333333,0.14035087719298245,29,7.310344827586207,5.0,9.131617858226447,0.20689655172413793,0.20689655172413793,28,6.071428571428571,3.0,9.837713771242685,0.4642857142857143,0.07142857142857142,1.2389162561576361,1
0,yEsHH11R,human,,1981,2039,58,34,CARO_KANN,34,True,32,8.78125,3.0,14.170246943419864,69.0,1.6136936020976358,0.40625,0.25,16,7.9375,4.5,10.268086177569801,0.25,0.25,16,9.625,2.0,17.167829653162336,0.5625,0.25,-1.6875,0
0,atbLOLuV,human,,1897,2014,117,65,CARO_KANN,65,True,63,5.634920634920635,3.0,5.70241270937021,36.0,1.0119774667333048,0.31746031746031744,0.19047619047619047,32,5.21875,3.0,6.464974743763505,0.40625,0.125,31,6.064516129032258,4.0,4.751471648908895,0.22580645161290322,0.25806451612903225,-0.845766129032258,1
1,spXxkB19,bot,maia5,1630,2119,489,83,OTHER,83,True,81,7.209876543209877,5.0,8.423535590036423,55.0,1.1683328472482024,0.2345679012345679,0.18518518518518517,41,5.2439024390243905,5.0,3.1451122575248527,0.21951219512195122,0.0975609756097561,40,9.225,5.0,11.203766107876405,0.25,0.275,-3.981097560975609,1
0,rhCE4nBF,human,,1927,1851,76,74,PHILIDOR,74,True,72,10.51388888888889,6.5,13.412259167927465,97.0,1.2756706209917799,0.2361111111111111,0.4027777777777778,36,14.222222222222221,11.0,16.507760988077887,0.08333333333333333,0.5555555555555556,36,6.805555555555555,4.5,7.73096028405141,0.3888888888888889,0.25,7.416666666666666,0
0,1QhzQR6H,human,,2170,2330,160,54,OTHER,54,True,52,13.0,9.0,15.47578754054216,75.0,1.19044519542632,0.23076923076923078,0.4807692307692308,26,14.384615384615385,9.5,17.942379833311975,0.23076923076923078,0.5,26,11.615384615384615,7.5,12.37888065983886,0.23076923076923078,0.46153846153846156,2.76923076923077,0
0,j6mw3Llx,human,,1902,1909,7,127,BIRD,127,True,125,6.136,4.0,5.9226264444079195,33.0,0.9652259524784744,0.32,0.232,63,7.984126984126984,6.0,6.734163229130509,0.19047619047619047,0.36507936507936506,62,4.258064516129032,3.0,4.200366665526943,0.45161290322580644,0.0967741935483871,3.726062467997952,1
1,Q0Jnrx3k,bot,maia5,1488,1595,107,87,SICILIAN,87,True,85,2.2705882352941176,1.0,4.726367179219444,26.0,2.0815606747857656,0.8,0.07058823529411765,43,4.372093023255814,2.0,5.9259902746741595,0.6046511627906976,0.13953488372093023,42,0.11904761904761904,0.0,0.32384453592227247,1.0,0.0,4.253045404208195,1
1,RGMNjVnD,bot,Humaia,1567,1400,167,87,SCANDINAVIAN,87,True,85,8.2,6.0,9.086253353280437,54.0,1.1080796772293218,0.2235294117647059,0.29411764705882354,43,9.279069767441861,4.0,12.097137046262754,0.3488372093023256,0.32558139534883723,42,7.095238095238095,6.5,3.853319680789316,0.09523809523809523,0.2619047619047619,2.183831672203766,1
0,KFHepaPV,human,,2005,1936,69,64,QUEEN'S_PAWN,64,True,62,13.048387096774194,6.0,18.454326723505737,95.0,1.4142994522340613,0.24193548387096775,0.3387096774193548,31,17.193548387096776,8.0,23.82519587278751,0.25806451612903225,0.3870967741935484,31,8.903225806451612,5.0,8.894923665413188,0.22580645161290322,0.2903225806451613,8.290322580645164,0
1,PvIKmq6z,bot,simpleEval,2195,2233,38,68,MODERN_DEFENSE,68,True,66,8.818181818181818,7.0,6.482865740501371,29.0,0.735170341706341,0.15151515151515152,0.36363636363636365,33,11.181818181818182,10.0,7.493247649089046,0.15151515151515152,0.5454545454545454,33,6.454545454545454,6.0,4.0905723767152695,0.15151515151515152,0.18181818181818182,4.7272727272727275,0
1,dvtOIBEh,bot,Boris-Trapsky,1631,2197,566,58,OTHER,58,True,56,7.25,6.0,6.254284245904676,34.0,0.8626598959868519,0.17857142857142858,0.19642857142857142,28,8.571428571428571,6.5,8.295560651975986,0.2857142857142857,0.25,28,5.928571428571429,5.5,2.4338178624858315,0.07142857142857142,0.14285714285714285,2.6428571428571423,0
0,UORZikJT,human,,1892,1962,70,69,SCANDINAVIAN,69,True,67,4.343283582089552,3.0,4.0612924889467426,17.0,0.9350742156681504,0.44776119402985076,0.1044776119402985,34,3.9411764705882355,2.0,3.8649341861118125,0.5294117647058824,0.08823529411764706,33,4.757575757575758,3.0,4.214191773622416,0.36363636363636365,0.12121212121212122,-0.8163992869875223,1
1,nRKjBCaU,bot,Boris-Trapsky,2228,1982,246,83,PIRC,83,True,81,5.444444444444445,5.0,3.7184890068181136,21.0,0.6829877767625107,0.2222222222222222,0.1111111111111111,41,5.560975609756097,5.0,2.4599105723166765,0.12195121951219512,0.04878048780487805,40,5.325,4.0,4.6657662821877395,0.325,0.175,0.235975609756097,1
1,ZGqhoOab,bot,Boris-Trapsky,1500,2254,754,125,OTHER,125,True,123,2.8048780487804876,2.0,2.9977187439876225,14.0,1.0687519000303698,0.6341463414634146,0.04065040650406504,62,3.3870967741935485,2.0,3.2743127262594256,0.5806451612903226,0.04838709677419355,61,2.2131147540983607,1.0,2.555064107491018,0.6885245901639344,0.03278688524590164,1.1739820200951878,1
0,kwuC6cpn,human,,2010,1917,93,35,SICILIAN,35,True,33,4.818181818181818,4.0,2.9279690494984636,11.0,0.607691689518549,0.24242424242424243,0.12121212121212122,17,4.117647058823529,3.0,2.6095380015080982,0.29411764705882354,0.058823529411764705,16,5.5625,4.5,3.061224224064614,0.1875,0.1875,-1.444852941176471,1
0,9f5NdOK1,human,,1859,1871,12,177,OTHER,177,True,175,6.702857142857143,3.0,9.375514788587367,81.0,1.3987340903689593,0.4514285714285714,0.21714285714285714,88,6.670454545454546,3.0,10.323980899419093,0.4318181818181818,0.19318181818181818,87,6.735632183908046,3.0,8.30656819481163,0.47126436781609193,0.2413793103448276,-0.06517763845350011,1
0,coaYFTjs,human,,2033,2091,58,84,ZUKERTORT,84,True,82,8.939024390243903,4.0,10.612173820406781,46.0,1.1871736061028049,0.32926829268292684,0.3048780487804878,41,9.365853658536585,5.0,10.909284695338647,0.36585365853658536,0.3170731707317073,41,8.512195121951219,4.0,10.288809813411927,0.2926829268292683,0.2926829268292683,0.8536585365853657,0
0,aZjOgoPp,human,,1877,2016,139,82,BENONI,82,True,80,5.225,3.0,5.366504914746654,33.0,1.027082280334288,0.3125,0.125,40,5.425,3.0,5.257791836883617,0.375,0.15,40,5.025,3.0,5.465745603300615,0.25,0.1,0.39999999999999947,0
0,ZGHzdcsG,human,,1880,1929,49,70,QUEEN'S_PAWN,70,True,68,6.352941176470588,3.5,6.753571399163454,38.0,1.0630621646831364,0.29411764705882354,0.22058823529411764,34,8.088235294117647,5.0,8.005026535058432,0.23529411764705882,0.3235294117647059,34,4.617647058823529,3.0,4.595488234206094,0.35294117647058826,0.11764705882352941,3.4705882352941178,0
1,7VmqNIj4,bot,maia5,1658,1439,219,34,ZUKERTORT,34,True,32,4.4375,3.5,3.0304444806001642,11.0,0.6829170660507412,0.34375,0.0625,16,5.0,6.0,2.669269563007828,0.1875,0.0,16,3.875,2.5,3.2572035551988456,0.5,0.125,1.125,0
1,cWse5IYX,bot,maia5,1754,1599,155,52,SCANDINAVIAN,52,True,50,3.98,3.5,3.0626132632116643,12.0,0.7695008199024282,0.4,0.08,25,3.84,2.0,3.618618520927565,0.56,0.12,25,4.12,4.0,2.371834732859775,0.24,0.04,-0.28000000000000025,0
1,rHLdjJea,bot,maia9,1760,1719,41,66,OTHER,66,True,64,5.203125,4.0,3.123398026889144,14.0,0.6002927138765922,0.203125,0.09375,32,5.34375,6.0,2.857111467461499,0.1875,0.0625,32,5.0625,4.0,3.3628252630786513,0.21875,0.125,0.28125,0
0,St6XxcKX,human,,2155,2117,38,61,FRENCH,61,True,59,6.11864406779661,3.0,8.122128688504898,43.0,1.3274393147417978,0.4067796610169492,0.2033898305084746,30,7.1,4.0,8.791473141629906,0.3333333333333333,0.26666666666666666,29,5.103448275862069,3.0,7.227079476840281,0.4827586206896552,0.13793103448275862,1.9965517241379303,1
1,TAnAml8M,bot,simpleEval,2257,1826,431,103,HUNGARIAN_OPENING,103,True,101,9.594059405940595,6.0,8.810635132725421,53.0,0.9183427744120408,0.1188118811881188,0.38613861386138615,51,7.7254901960784315,6.0,3.509530058326334,0.0,0.3137254901960784,50,11.5,6.0,11.706835610018619,0.24,0.46,-3.7745098039215685,1
1,pHit3iwR,bot,simpleEval,2272,2268,4,121,SARAGOSSA,121,True,119,4.100840336134453,1.0,6.442238451704896,51.0,1.5709556880182023,0.5210084033613446,0.13445378151260504,60,7.1,5.5,4.660829682935575,0.06666666666666667,0.25,59,1.0508474576271187,0.0,6.570152666527361,0.9830508474576272,0.01694915254237288,6.049152542372881,1
1,0AQySCr9,bot,maia9,1716,1708,8,104,MODERN_DEFENSE,104,True,102,7.5588235294117645,6.0,7.402402272251265,44.0,0.9793061371849923,0.22549019607843138,0.18627450980392157,51,9.803921568627452,5.0,9.640640300603131,0.27450980392156865,0.35294117647058826,51,5.313725490196078,6.0,2.5628583619599223,0.17647058823529413,0.0196078431372549,4.4901960784313735,0
0,tHQXxtSs,human,,1943,1923,20,119,SICILIAN,119,True,117,7.384615384615385,5.0,7.665937706533172,45.0,1.0380957310930337,0.3076923076923077,0.24786324786324787,59,8.305084745762711,6.0,7.728999403058534,0.22033898305084745,0.288135593220339,58,6.448275862068965,3.5,7.486015499705511,0.39655172413793105,0.20689655172413793,1.8568088836937457,1
1,xTh2ToII,bot,simpleEval,1884,2261,377,46,ENGLISH,46,True,44,9.886363636363637,6.0,12.749716412338014,60.0,1.2896264876847645,0.29545454545454547,0.2727272727272727,22,12.045454545454545,7.0,15.507995804883928,0.36363636363636365,0.36363636363636365,22,7.7272727272727275,6.0,8.676938181083642,0.22727272727272727,0.18181818181818182,4.3181818181818175,0
0,g4MsH8BV,human,,2157,2083,74,71,QUEEN'S_GAMBIT,71,True,69,7.666666666666667,4.0,8.428156169953235,36.0,1.0993247178199872,0.36231884057971014,0.2753623188405797,35,4.228571428571429,2.0,5.226775647898941,0.5142857142857142,0.08571428571428572,34,11.205882352941176,8.0,9.557194431313192,0.20588235294117646,0.47058823529411764,-6.977310924369747,1
0,LMzdVvQt,human,,1982,1925,57,56,BENONI,56,True,54,16.314814814814813,11.0,16.40102082874617,72.0,1.005283910048006,0.24074074074074073,0.5370370370370371,27,12.481481481481481,11.0,10.461110947201405,0.18518518518518517,0.5555555555555556,27,20.14814814814815,11.0,19.979069981142402,0.2962962962962963,0.5185185185185185,-7.666666666666668,0
1,Rv0czYMp,bot,Boris-Trapsky,2198,1629,569,61,FRENCH,61,True,59,5.559322033898305,5.0,4.533383465145749,25.0,0.8154561720841439,0.22033898305084745,0.11864406779661017,30,5.8,5.0,2.914332399252586,0.03333333333333333,0.1,29,5.310344827586207,4.0,5.736173470876773,0.41379310344827586,0.13793103448275862,0.4896551724137925,1
1,bKUoDiWB,bot,maia5,1596,1411,185,39,PETROV,39,True,37,6.72972972972973,6.0,5.97584619654755,30.0,0.8879771456717243,0.32432432432432434,0.21621621621621623,19,3.8947368421052633,2.0,2.899995223990718,0.5263157894736842,0.0,18,9.722222222222221,8.0,6.862179404011491,0.1111111111111111,0.4444444444444444,-5.827485380116958,1
0,ZvUCgEsH,human,,2076,1965,111,57,CARO_KANN,57,True,55,4.636363636363637,3.0,4.473614102769244,18.0,0.9648971594208173,0.45454545454545453,0.12727272727272726,28,3.642857142857143,2.0,3.800510169835151,0.5714285714285714,0.10714285714285714,27,5.666666666666667,4.0,4.868644955601477,0.3333333333333333,0.14814814814814814,-2.023809523809524,1
0,TxnghUcN,human,,1986,2052,66,26,ENGLISH,26,True,24,3.125,2.0,3.244386177178461,15.0,1.0382035766971074,0.625,0.08333333333333333,12,2.0,2.0,1.35400640077266,0.75,0.0,12,4.25,2.5,4.085033659592048,0.5,0.16666666666666666,-2.25,0
1,5glLVBCA,bot,OpeningsBot,2112,2494,382,28,INDIAN_DEFENSE,28,True,26,3.3461538461538463,1.0,5.676824055838506,21.0,1.6965221316298984,0.7307692307692307,0.11538461538461539,13,4.461538461538462,2.0,5.67877810008977,0.5384615384615384,0.15384615384615385,13,2.230769230769231,1.0,5.451236220469715,0.9230769230769231,0.07692307692307693,2.230769230769231,0
1,TxKMklsK,bot,Boris-Trapsky,2438,2243,195,80,OTHER,80,True,78,8.153846153846153,6.0,9.96027613029458,72.0,1.221543298998392,0.10256410256410256,0.23076923076923078,39,11.025641025641026,6.0,13.19379648223843,0.05128205128205128,0.358974358974359,39,5.282051282051282,5.0,2.8006292145462868,0.15384615384615385,0.10256410256410256,5.743589743589744,0
1,IIuIattl,bot,Humaia,1407,1572,165,54,INDIAN_DEFENSE,54,True,52,10.76923076923077,9.0,9.422998429814367,53.0,0.8749927113399054,0.21153846153846154,0.4807692307692308,26,8.576923076923077,9.0,4.280304418748714,0.15384615384615385,0.46153846153846156,26,12.961538461538462,10.0,12.233248418302692,0.2692307692307692,0.5,-4.384615384615385,0
0,vYbW2Xfc,human,,1982,2053,71,64,SICILIAN,64,True,62,11.725806451612904,4.5,19.23804140896005,119.0,1.6406582769677072,0.3548387096774194,0.3387096774193548,31,15.709677419354838,6.0,24.404115925177255,0.3225806451612903,0.45161290322580644,31,7.741935483870968,4.0,10.625495030397358,0.3870967741935484,0.22580645161290322,7.96774193548387,0
1,RBKzHyc1,bot,simpleEval,1798,2269,471,124,ENGLISH,124,True,122,8.71311475409836,6.0,10.672071340267058,64.0,1.2248285075377057,0.1885245901639344,0.2540983606557377,61,9.163934426229508,4.0,12.351651283869822,0.2459016393442623,0.29508196721311475,61,8.262295081967213,6.0,8.649650119606871,0.13114754098360656,0.21311475409836064,0.9016393442622945,0
1,RpHFibFR,bot,maia1,1555,1500,55,39,OTHER,39,True,37,6.594594594594595,6.0,5.635118931858226,27.0,0.8545057396670261,0.21621621621621623,0.13513513513513514,19,4.2631578947368425,4.0,2.61256287284018,0.3157894736842105,0.0,18,9.055555555555555,6.5,6.802550356890031,0.1111111111111111,0.2777777777777778,-4.792397660818713,1
1,LKYOlJC6,bot,maia1,1550,1562,12,94,SICILIAN,94,True,92,5.478260869565218,4.5,4.50236232889388,28.0,0.8218597901949145,0.31521739130434784,0.15217391304347827,46,5.608695652173913,3.0,5.7463722426284445,0.43478260869565216,0.21739130434782608,46,5.3478260869565215,6.0,2.736368517836446,0.1956521739130435,0.08695652173913043,0.2608695652173916,0
1,34R8eZyg,bot,simpleEval,2053,2252,199,64,SICILIAN,64,True,62,8.016129032258064,5.0,8.82535192660961,51.0,1.100949334909046,0.20967741935483872,0.22580645161290322,31,7.741935483870968,5.0,8.35103911608719,0.3225806451612903,0.25806451612903225,31,8.290322580645162,5.0,9.26733266558676,0.0967741935483871,0.1935483870967742,-0.548387096774194,0
1,WM385Gkv,bot,Boris-Trapsky,1988,2231,243,50,OTHER,50,True,48,5.1875,4.0,3.800527649770051,18.0,0.7326318361002507,0.22916666666666666,0.14583333333333334,24,5.583333333333333,4.5,4.081632298752819,0.2916666666666667,0.20833333333333334,24,4.791666666666667,4.0,3.4518010596724076,0.16666666666666666,0.08333333333333333,0.7916666666666661,0
0,mSfN55ip,human,,2167,2032,135,74,FRENCH,74,True,72,12.805555555555555,7.0,15.191041666507937,79.0,1.1862852494453053,0.16666666666666666,0.3888888888888889,36,15.5,9.0,17.60445019495544,0.08333333333333333,0.4444444444444444,36,10.11111111111111,6.0,11.708918200760426,0.25,0.3333333333333333,5.388888888888889,0
1,bcAeSu3s,bot,OpeningsBot,2433,2238,195,41,SICILIAN,41,True,39,4.282051282051282,0.0,13.221871386900158,72.0,3.0877424196952465,0.8461538461538461,0.07692307692307693,20,8.2,1.0,17.585789717837525,0.7,0.15,19,0.15789473684210525,0.0,0.36464227527765836,1.0,0.0,8.042105263157895,1
0,CaPibBZa,human,,1857,1881,24,41,ZUKERTORT,41,True,39,7.333333333333333,4.0,10.844668625957992,55.0,1.4788184489942717,0.46153846153846156,0.20512820512820512,20,8.0,4.0,13.542525613784159,0.4,0.15,19,6.631578947368421,2.0,6.884081762838928,0.5263157894736842,0.2631578947368421,1.3684210526315788,1
1,L3tddKmt,bot,OpeningsBot,2495,2111,384,43,QUEEN'S_GAMBIT,43,True,41,6.097560975609756,2.0,10.976260143331464,61.0,1.80010666350636,0.5609756097560976,0.21951219512195122,21,5.809523809523809,1.0,12.996772667598776,0.7142857142857143,0.2857142857142857,20,6.4,3.5,8.333066662399863,0.4,0.15,-0.590476190476191,1
0,ZNWnr4e9,human,,1903,1864,39,79,SICILIAN,79,True,77,9.532467532467532,5.0,9.066255997234327,35.0,0.951092250391067,0.2077922077922078,0.35064935064935066,39,8.153846153846153,5.0,7.803807294136861,0.23076923076923078,0.28205128205128205,38,10.947368421052632,7.0,10.005123341308304,0.18421052631578946,0.42105263157894735,-2.7935222672064786,1
1,3YP5ygrm,bot,simpleEval,2054,2257,203,85,PIRC,85,True,83,8.337349397590362,6.0,10.237277862525167,83.0,1.227881593337556,0.14457831325301204,0.21686746987951808,42,8.238095238095237,5.0,7.466782069079034,0.11904761904761904,0.2619047619047619,41,8.439024390243903,7.0,12.450974651805092,0.17073170731707318,0.17073170731707318,-0.20092915214866558,1
0,vQCT5BXu,human,,1867,1906,39,71,QUEEN'S_GAMBIT,71,True,69,8.043478260869565,4.0,11.231986909300012,77.0,1.39640918331838,0.30434782608695654,0.2463768115942029,35,5.714285714285714,3.0,7.268607367386444,0.42857142857142855,0.17142857142857143,34,10.441176470588236,6.0,13.795120996997428,0.17647058823529413,0.3235294117647059,-4.726890756302521,1
1,cXAAuuwq,bot,simpleEval,2123,2319,196,99,INDIAN_DEFENSE,99,True,97,10.216494845360824,9.0,8.59420423755321,49.0,0.8412086892458743,0.15463917525773196,0.4536082474226804,49,9.46938775510204,9.0,4.924333750921266,0.08163265306122448,0.4897959183673469,48,10.979166666666666,7.5,11.106472556076879,0.22916666666666666,0.4166666666666667,-1.5097789115646254,1
1,DX95KdQG,bot,Lynx_BOT,1770,2744,974,58,OTHER,58,True,56,13.035714285714286,10.5,13.798245599809167,71.0,1.058495552862073,0.16071428571428573,0.5178571428571429,28,14.178571428571429,6.0,18.219011991850262,0.25,0.39285714285714285,28,11.892857142857142,12.0,6.799891205612282,0.07142857142857142,0.6428571428571429,2.2857142857142865,0
1,TsK8K4mq,bot,maia5,1597,1756,159,30,RUY_LOPEZ,30,True,28,3.642857142857143,2.5,3.3510583159256857,15.0,0.919898361234502,0.5,0.07142857142857142,14,3.357142857142857,2.5,2.607876609075526,0.5,0.0,14,3.9285714285714284,2.5,3.936355923844244,0.5,0.14285714285714285,-0.5714285714285712,0
0,YcgFlqIp,human,,2032,2088,56,98,PIRC,98,True,96,9.8125,5.0,13.005057109319692,87.0,1.3253561385293953,0.3229166666666667,0.3125,48,11.979166666666666,5.5,12.664730526369503,0.3125,0.4166666666666667,48,7.645833333333333,4.0,12.979935771755148,0.3333333333333333,0.20833333333333334,4.333333333333333,0
1,JO97APqj,bot,maia9,1708,1709,1,89,OTHER,89,True,87,5.402298850574713,4.0,5.461379073270112,38.0,1.0109361263287227,0.3103448275862069,0.10344827586206896,44,6.204545454545454,4.0,7.178185214607283,0.38636363636363635,0.18181818181818182,43,4.5813953488372094,5.0,2.507964598054495,0.23255813953488372,0.023255813953488372,1.6231501057082447,1
0,1nLMucum,human,,2032,2141,109,75,SICILIAN,75,True,73,11.534246575342467,6.0,12.68704677768631,55.0,1.0999458607732786,0.3424657534246575,0.410958904109589,37,11.135135135135135,6.0,11.980078423607775,0.35135135135135137,0.40540540540540543,36,11.944444444444445,8.0,13.362352679666948,0.3333333333333333,0.4166666666666667,-0.8093093093093096,1
0,cZav9YW3,human,,1838,1883,45,31,SICILIAN,31,True,29,7.172413793103448,5.0,7.4513084503245945,29.0,1.038884351247179,0.27586206896551724,0.1724137931034483,15,9.133333333333333,6.0,8.245133244661497,0.13333333333333333,0.26666666666666666,14,5.071428571428571,3.0,5.799806471085119,0.42857142857142855,0.07142857142857142,4.061904761904762,1
1,ZzC1Y5TH,bot,OpeningsBot,2493,2112,381,43,SCANDINAVIAN,43,True,41,7.560975609756097,6.0,7.625530866726927,33.0,1.0085379533413033,0.3902439024390244,0.3170731707317073,21,8.142857142857142,7.0,8.865587372294197,0.42857142857142855,0.3333333333333333,20,6.95,5.0,5.995623403783797,0.35,0.3,1.1928571428571422,1
0,ortLFXoC,human,,1968,1827,141,46,OTHER,46,True,44,7.818181818181818,5.0,7.302778821270482,36.0,0.9340763608601779,0.29545454545454547,0.3409090909090909,22,6.318181818181818,3.0,6.181985291858945,0.3181818181818182,0.2727272727272727,22,9.318181818181818,7.0,7.99651266966001,0.2727272727272727,0.4090909090909091,-3.0,0
1,2QGJsvYU,bot,maia5,1607,1749,142,72,CENTER_GAME,72,True,70,4.314285714285714,4.0,3.0777675450274815,14.0,0.7133898283176282,0.37142857142857144,0.08571428571428572,35,4.9714285714285715,5.0,2.5688876334844597,0.2,0.05714285714285714,35,3.657142857142857,2.0,3.38857624668412,0.5428571428571428,0.11428571428571428,1.3142857142857145,0
1,bwLo0mMY,bot,Humaia,1404,1574,170,98,INDIAN_DEFENSE,98,True,96,7.447916666666667,5.0,7.772641378132375,55.0,1.043599401819172,0.23958333333333334,0.28125,48,6.666666666666667,6.0,3.8477987935383986,0.08333333333333333,0.25,48,8.229166666666666,4.0,10.237267667964707,0.3958333333333333,0.3125,-1.5624999999999991,0
0,uFggqpCV,human,,1909,1897,12,32,QUEEN'S_PAWN,32,True,30,6.666666666666667,4.0,8.154071920757684,38.0,1.2231107881136525,0.3333333333333333,0.2,15,4.0,3.0,3.777124126457412,0.4,0.06666666666666667,15,9.333333333333334,6.0,10.221980673474631,0.26666666666666666,0.3333333333333333,-5.333333333333334,0
0,fDlSedY5,human,,1892,1881,11,76,QUEEN'S_PAWN,76,True,74,9.472972972972974,4.0,12.385936852009712,84.0,1.3075026063462463,0.25675675675675674,0.2702702702702703,37,10.91891891891892,5.0,14.965506968735262,0.13513513513513514,0.2702702702702703,37,8.027027027027026,4.0,8.869889808531205,0.3783783783783784,0.2702702702702703,2.891891891891893,0
0,3FJi92po,human,,1954,1945,9,160,KING'S_PAWN,160,True,158,6.7025316455696204,3.0,9.492508367642246,48.0,1.4162571502242445,0.46835443037974683,0.22784810126582278,79,5.949367088607595,3.0,6.821222901936586,0.45569620253164556,0.25316455696202533,79,7.455696202531645,3.0,11.513115766024605,0.4810126582278481,0.20253164556962025,-1.5063291139240507,0
1,fKvwCbRJ,bot,Lynx_BOT,1940,2723,783,38,QUEEN'S_GAMBIT,38,True,36,20.13888888888889,13.0,29.866511139641354,164.0,1.4830267600373637,0.1111111111111111,0.6666666666666666,18,25.555555555555557,9.5,41.05581867304049,0.2222222222222222,0.5,18,14.722222222222221,13.5,6.305249625471316,0.0,0.8333333333333334,10.833333333333336,0
0,y6w6rkbY,human,,1981,2009,28,108,QUEEN'S_GAMBIT,108,True,106,9.81132075471698,5.5,11.922005345710685,73.0,1.2151274679282045,0.39622641509433965,0.3584905660377358,53,11.245283018867925,7.0,13.751028311980216,0.32075471698113206,0.37735849056603776,53,8.377358490566039,3.0,9.542806072608258,0.4716981132075472,0.33962264150943394,2.867924528301886,0
1,LXBAP6ZE,bot,simpleEval,1871,2247,376,46,QUEEN'S_PAWN,46,True,44,9.590909090909092,7.0,9.284195225852132,51.0,0.9680203553021179,0.1590909090909091,0.3409090909090909,22,10.727272727272727,7.5,11.477970275832421,0.22727272727272727,0.36363636363636365,22,8.454545454545455,6.5,6.169774363984419,0.09090909090909091,0.3181818181818182,2.2727272727272716,0
0,hVE1HxHW,human,,2128,2262,134,37,SICILIAN,37,True,35,7.685714285714286,4.0,13.962749276089532,77.0,1.8167145898257755,0.42857142857142855,0.17142857142857143,18,7.277777777777778,3.5,17.054831689307793,0.4444444444444444,0.05555555555555555,17,8.117647058823529,4.0,9.645982723339387,0.4117647058823529,0.29411764705882354,-0.8398692810457513,1
0,TFMfAx5N,human,,1828,1807,21,65,FRENCH,65,True,63,9.365079365079366,4.0,11.94471602285785,56.0,1.2754527278644823,0.31746031746031744,0.2857142857142857,32,5.03125,3.0,5.387974892062879,0.46875,0.15625,31,13.838709677419354,7.0,14.852167810042017,0.16129032258064516,0.41935483870967744,-8.807459677419354,1
1,1Cw9ORZG,bot,maia1,1455,1506,51,38,OTHER,38,True,36,4.222222222222222,4.0,2.57240820062005,11.0,0.6092545738310645,0.2777777777777778,0.08333333333333333,18,4.5,3.0,2.9674156357941426,0.2222222222222222,0.16666666666666666,18,3.9444444444444446,4.0,2.067532673992044,0.3333333333333333,0.0,0.5555555555555554,0
1,8GRab9xx,bot,simpleEval,2239,2212,27,131,ZUKERTORT,131,True,129,7.751937984496124,6.0,8.125976156270587,73.0,1.0482509241589058,0.14728682170542637,0.2558139534883721,65,7.446153846153846,5.0,10.007736652181066,0.13846153846153847,0.18461538461538463,64,8.0625,6.5,5.584227229438286,0.15625,0.328125,-0.6163461538461537,1
0,Wmjffc1x,human,,2076,2049,27,69,OTHER,69,True,67,6.044776119402985,3.0,8.86622441615588,67.0,1.4667581132899852,0.373134328358209,0.1791044776119403,34,8.5,4.0,11.571389666912502,0.23529411764705882,0.29411764705882354,33,3.515151515151515,2.0,3.006268321269311,0.5151515151515151,0.06060606060606061,4.984848484848484,1
0,a4k0Mc7j,human,,2004,2048,44,50,FRENCH,50,True,48,15.8125,7.0,22.37712396809146,92.0,1.4151540849385904,0.2708333333333333,0.4375,24,17.791666666666668,3.0,28.028228578028656,0.375,0.375,24,13.833333333333334,9.5,14.424131015612536,0.16666666666666666,0.5,3.958333333333334,0
1,700dvVxi,bot,maia1,1536,1500,36,41,CENTER_GAME,41,True,39,11.0,7.0,12.417935746537273,57.0,1.1289032496852067,0.1794871794871795,0.41025641025641024,20,3.7,3.5,2.3895606290697042,0.35,0.0,19,18.68421052631579,12.0,13.977623589825152,0.0,0.8421052631578947,-14.984210526315792,1
0,npKvG0uJ,human,,1983,1930,53,70,SICILIAN,70,True,68,13.882352941176471,7.0,18.01105004921791,93.0,1.2974061476131546,0.3088235294117647,0.45588235294117646,34,12.823529411764707,7.0,18.308581382759698,0.35294117647058826,0.47058823529411764,34,14.941176470588236,7.0,17.64509793027112,0.2647058823529412,0.4411764705882353,-2.117647058823529,0
0,smmtEGEW,human,,1968,2021,53,80,OTHER,80,True,78,11.217948717948717,7.0,17.539440855849186,117.0,1.5635158705785561,0.2564102564102564,0.38461538461538464,39,14.435897435897436,9.0,23.411365716408543,0.3333333333333333,0.48717948717948717,39,8.0,6.0,6.816270128269453,0.1794871794871795,0.28205128205128205,6.435897435897436,0
0,Kp2Gd4vC,human,,1810,1870,60,81,SICILIAN,81,True,79,11.063291139240507,7.0,13.084285455356866,91.0,1.1826756876123483,0.16455696202531644,0.35443037974683544,40,9.5,7.0,9.423375191511797,0.15,0.3,39,12.666666666666666,7.0,15.831376397283927,0.1794871794871795,0.41025641025641024,-3.166666666666666,1
1,2kRb4DGs,bot,Lynx_BOT,2289,2748,459,134,CENTER_GAME,134,True,132,7.2727272727272725,6.5,5.7971922528521445,36.0,0.7971139347671699,0.17424242424242425,0.26515151515151514,66,7.181818181818182,7.0,3.868713241991493,0.09090909090909091,0.2878787878787879,66,7.363636363636363,6.0,7.227129787037015,0.25757575757575757,0.24242424242424243,-0.18181818181818166,0
0,1THuteyG,human,,2046,2139,93,28,MODERN_DEFENSE,28,True,26,12.846153846153847,6.0,18.84081557048279,85.0,1.4666503138699176,0.38461538461538464,0.4230769230769231,13,5.230769230769231,2.0,5.924575235067602,0.5384615384615384,0.23076923076923078,13,20.46153846153846,13.0,23.640302564168753,0.23076923076923078,0.6153846153846154,-15.23076923076923,0
0,V9c8K7Tx,human,,1889,1943,54,22,CARO_KANN,22,True,20,5.9,3.5,7.654410493303844,32.0,1.2973577107294652,0.4,0.2,10,2.8,2.0,3.0919249667480613,0.6,0.1,10,9.0,4.0,9.402127418834526,0.2,0.3,-6.2,0
0,Lz5oMhGB,human,,2168,2215,47,76,FRENCH,76,True,74,12.243243243243244,7.0,16.530733711754625,115.0,1.3501923782227838,0.3108108108108108,0.40540540540540543,37,12.35135135135135,6.0,19.48834192913349,0.2702702702702703,0.3783783783783784,37,12.135135135135135,7.0,12.911679527659512,0.35135135135135137,0.43243243243243246,0.21621621621621578,0
1,td8DeFdl,bot,simpleEval,2248,1869,379,31,SCANDINAVIAN,31,True,29,6.724137931034483,5.0,8.229034181918431,40.0,1.2238050834647922,0.3793103448275862,0.20689655172413793,15,6.0,6.0,5.329165037789691,0.26666666666666666,0.2,14,7.5,2.5,10.424901506900266,0.5,0.21428571428571427,-1.5,1
1,dBhxXps4,bot,Humaia,1405,1571,166,93,SICILIAN,93,True,91,8.197802197802197,6.0,9.418499192429618,49.0,1.1489053974679562,0.1978021978021978,0.24175824175824176,46,7.086956521739131,6.0,5.480503336756269,0.08695652173913043,0.2391304347826087,45,9.333333333333334,5.0,12.088562087086013,0.3111111111111111,0.24444444444444444,-2.246376811594203,1
0,3KmunfcB,human,,2061,2144,83,43,SICILIAN,43,True,41,7.804878048780488,4.0,10.395166588360286,50.0,1.3318807191336617,0.36585365853658536,0.21951219512195122,21,7.714285714285714,3.0,11.419043647483324,0.47619047619047616,0.19047619047619047,20,7.9,4.5,9.197282207261013,0.25,0.25,-0.18571428571428594,1
1,bhmeDyqZ,bot,Boris-Trapsky,1500,2197,697,149,OTHER,149,True,147,4.156462585034014,4.0,3.9030786388241037,25.0,0.9390385595861591,0.3469387755102041,0.05442176870748299,74,5.27027027027027,4.0,4.731428266440007,0.2702702702702703,0.10810810810810811,73,3.0273972602739727,3.0,2.3348028149396316,0.4246575342465753,0.0,2.2428730099962975,1
1,4BldYeqX,bot,OpeningsBot,2459,1688,771,27,QUEEN'S_PAWN,27,True,25,7.84,1.0,17.73511770471231,90.0,2.2621323602949372,0.64,0.24,13,10.615384615384615,1.0,23.318986854685477,0.6153846153846154,0.3076923076923077,12,4.833333333333333,1.5,6.986097305044896,0.6666666666666666,0.16666666666666666,5.782051282051282,1
1,N4MtsNN1,bot,Boris-Trapsky,2237,2201,36,57,OTHER,57,True,55,8.218181818181819,7.0,7.799046349839328,49.0,0.9489990027459358,0.07272727272727272,0.2,28,6.321428571428571,6.5,2.46480325828266,0.0,0.07142857142857142,27,10.185185185185185,9.0,10.488219271364656,0.14814814814814814,0.3333333333333333,-3.863756613756614,1
0,MoZsQ6mh,human,,1811,1899,88,100,QUEEN'S_PAWN,100,True,98,7.3979591836734695,5.0,8.23722238195392,54.0,1.1134452323192885,0.1836734693877551,0.23469387755102042,49,6.836734693877551,4.0,8.790874068532453,0.2653061224489796,0.20408163265306123,49,7.959183673469388,7.0,7.602253113047176,0.10204081632653061,0.2653061224489796,-1.1224489795918373,0
1,JgupMGd4,bot,maia9,1717,1771,54,121,MODERN_DEFENSE,121,True,119,5.61344537815126,5.0,4.5745169992501085,30.0,0.814921441483178,0.25210084033613445,0.09243697478991597,60,5.483333333333333,3.0,5.909009129193226,0.36666666666666664,0.13333333333333333,59,5.745762711864407,6.0,2.581506722951442,0.13559322033898305,0.05084745762711865,-0.2624293785310732,1
1,ebC9OzaY,bot,simpleEval,2205,2257,52,189,PETROV,189,True,187,6.010695187165775,4.0,5.803363679625655,35.0,0.9655062349555138,0.28342245989304815,0.21390374331550802,94,5.776595744680851,4.0,5.0363661657713665,0.2978723404255319,0.22340425531914893,93,6.247311827956989,4.0,6.478510239574272,0.26881720430107525,0.20430107526881722,-0.47071608327613834,1
1,YsgjcUEg,bot,maia9,1714,1712,2,134,OTHER,134,True,132,5.666666666666667,5.0,4.590283985845219,31.0,0.8100501151491563,0.25757575757575757,0.12121212121212122,66,5.621212121212121,6.0,2.8802627800736027,0.18181818181818182,0.06060606060606061,66,5.712121212121212,3.0,5.817333429306925,0.3333333333333333,0.18181818181818182,-0.09090909090909083,0
0,UluSJPhh,human,,1959,1962,3,42,MODERN_DEFENSE,42,True,40,8.675,3.0,12.133399152751878,53.0,1.398662726542003,0.45,0.25,20,8.7,2.5,13.413053343664894,0.5,0.25,20,8.65,4.0,10.701752192982232,0.4,0.25,0.049999999999998934,0
0,3nZBcFcx,human,,1934,1931,3,64,OTHER,64,True,62,9.483870967741936,4.5,12.798364229505761,67.0,1.3494873847438047,0.43548387096774194,0.2903225806451613,31,13.806451612903226,8.0,15.720172688123782,0.3548387096774194,0.41935483870967744,31,5.161290322580645,2.0,6.565288850454818,0.5161290322580645,0.16129032258064516,8.64516129032258,0
1,OI7Lnmv3,bot,maia5,1766,1602,164,65,RUY_LOPEZ,65,True,63,4.158730158730159,4.0,2.912514591318987,12.0,0.7003374780652525,0.3968253968253968,0.047619047619047616,32,3.21875,2.0,2.7355800915893504,0.59375,0.03125,31,5.129032258064516,5.0,2.7678096089177595,0.1935483870967742,0.06451612903225806,-1.910282258064516,1
1,c9lRT9U6,bot,maia1,1585,1402,183,64,OTHER,64,True,62,6.758064516129032,5.0,6.603238413401773,37.0,0.9770901709568257,0.24193548387096775,0.12903225806451613,31,5.064516129032258,5.0,2.950510987684935,0.25806451612903225,0.06451612903225806,31,8.451612903225806,7.0,8.530169266850677,0.22580645161290322,0.1935483870967742,-3.387096774193548,0
0,adxV7ywn,human,,1866,1907,41,137,CARO_KANN,137,True,135,8.014814814814814,4.0,9.076616423890965,45.0,1.1324798680455457,0.3333333333333333,0.24444444444444444,68,8.779411764705882,4.0,10.57166800272604,0.3382352941176471,0.25,67,7.2388059701492535,5.0,7.167691924846979,0.3283582089552239,0.23880597014925373,1.5406057945566287,1
0,WzuhiKmz,human,,1972,2005,33,47,QUEEN'S_PAWN,47,True,45,6.533333333333333,4.0,7.990549974118733,52.0,1.2230433633855204,0.26666666666666666,0.26666666666666666,23,7.608695652173913,4.0,10.149915957822047,0.30434782608695654,0.30434782608695654,22,5.409090909090909,3.5,4.519242604575269,0.22727272727272727,0.22727272727272727,2.199604743083004,1
1,N12WkDUs,bot,simpleEval,2048,2257,209,72,FRENCH,72,True,70,6.642857142857143,6.0,6.452099800586991,31.0,0.9712838409485792,0.34285714285714286,0.21428571428571427,35,6.314285714285714,2.0,7.8112425518659725,0.5142857142857142,0.2,35,6.9714285714285715,6.0,4.69337353105853,0.17142857142857143,0.22857142857142856,-0.6571428571428575,0
0,FBjHSTdW,human,,2118,2122,4,82,SICILIAN,82,True,80,9.15,4.5,12.06244170970372,58.0,1.318299640404778,0.35,0.25,40,8.525,4.5,11.020407206632612,0.375,0.225,40,9.775,4.5,12.991319217077224,0.325,0.275,-1.25,0
0,ugkFRLNo,human,,2018,2007,11,39,CARO_KANN,39,True,37,8.405405405405405,3.0,11.844623502531752,55.0,1.4091674263462213,0.3783783783783784,0.24324324324324326,19,6.684210526315789,4.0,7.53275396329046,0.3157894736842105,0.21052631578947367,18,10.222222222222221,3.0,14.90173575108154,0.4444444444444444,0.2777777777777778,-3.538011695906432,1
1,ludo21cy,bot,maia9,1473,1724,251,42,SCANDINAVIAN,42,True,40,4.725,4.5,2.801673606971376,17.0,0.5929467951262172,0.175,0.025,20,5.45,5.0,3.2476914878109957,0.05,0.05,20,4.0,4.0,2.024845673131659,0.3,0.0,1.4500000000000002,0
1,FIHrMK1X,bot,OpeningsBot,2647,2517,130,113,INDIAN_DEFENSE,113,True,111,9.675675675675675,3.0,18.05155887164916,113.0,1.8656639057291031,0.44144144144144143,0.25225225225225223,56,8.625,6.0,9.521709217812285,0.25,0.30357142857142855,55,10.745454545454546,2.0,23.72893759397675,0.6363636363636364,0.2,-2.120454545454546,1
1,QKhKwDn9,bot,Boris-Trapsky,2330,2205,125,80,ZUKERTORT,80,True,78,9.551282051282051,7.0,9.85230343481813,53.0,1.0315163327729049,0.0641025641025641,0.3076923076923077,39,12.487179487179487,8.0,12.969138505821,0.1282051282051282,0.46153846153846156,39,6.615384615384615,5.0,2.9492753096432023,0.0,0.15384615384615385,5.871794871794872,0
1,LblTm7bN,bot,maia1,1500,1553,53,56,PETROV,56,True,54,11.092592592592593,6.5,13.87946593929122,75.0,1.2512373300863537,0.09259259259259259,0.2222222222222222,27,16.814814814814813,9.0,17.75144654937552,0.037037037037037035,0.4444444444444444,27,5.37037037037037,6.0,2.16278538083799,0.14814814814814814,0.0,11.444444444444443,0
0,bkxOpNyh,human,,1892,1857,35,78,CARO_KANN,78,True,76,12.776315789473685,7.0,15.50008377244809,78.0,1.2131888431576259,0.23684210526315788,0.42105263157894735,38,12.868421052631579,7.5,15.424128487930473,0.18421052631578946,0.42105263157894735,38,12.68421052631579,7.0,15.575123997407726,0.2894736842105263,0.42105263157894735,0.18421052631578938,0
0,eNSSsQv7,human,,1983,2046,63,27,FRENCH,27,True,25,9.4,3.0,20.581545131500697,99.0,2.189526077819223,0.48,0.12,13,2.8461538461538463,2.0,2.069788314934417,0.6153846153846154,0.0,12,16.5,5.0,27.944886234634534,0.3333333333333333,0.25,-13.653846153846153,1
0,LJaBQQ14,human,,1981,1971,10,37,CARO_KANN,37,True,35,6.628571428571429,2.0,13.815282871382928,67.0,2.0842021573207004,0.6571428571428571,0.17142857142857143,18,6.055555555555555,2.0,11.64985561294513,0.6111111111111112,0.16666666666666666,17,7.235294117647059,2.0,15.764925371606372,0.7058823529411765,0.17647058823529413,-1.1797385620915035,1
0,mE7qhYix,human,,1993,1956,37,51,OTHER,51,True,49,5.673469387755102,2.0,7.237622101051858,34.0,1.275695981840076,0.5102040816326531,0.16326530612244897,25,5.52,3.0,7.066088026624067,0.48,0.12,24,5.833333333333333,2.0,7.408703590297623,0.5416666666666666,0.20833333333333334,-0.31333333333333346,1
0,ypjmY7Pj,human,,2040,2084,44,63,SICILIAN,63,True,61,12.721311475409836,11.0,9.909642840731038,43.0,0.7789796562945791,0.22950819672131148,0.5409836065573771,31,12.870967741935484,12.0,8.986520139896525,0.12903225806451613,0.5483870967741935,30,12.566666666666666,10.5,10.77863112314773,0.3333333333333333,0.5333333333333333,0.30430107526881756,1
1,BRJpZewq,bot,simpleEval,2051,2251,200,56,SCANDINAVIAN,56,True,54,5.7407407407407405,5.0,5.214599111700496,26.0,0.9083495226833121,0.37037037037037035,0.18518518518518517,27,5.0,2.0,5.715476066494082,0.5555555555555556,0.18518518518518517,27,6.481481481481482,6.0,4.540928036738993,0.18518518518518517,0.18518518518518517,-1.4814814814814818,0
0,D6SWB3xC,human,,1855,1888,33,139,OTHER,139,True,137,8.613138686131387,5.0,12.390983403696946,91.0,1.4386141748360013,0.2846715328467153,0.26277372262773724,69,8.565217391304348,5.0,12.996630846436245,0.2028985507246377,0.2318840579710145,68,8.661764705882353,5.0,11.74434819531812,0.36764705882352944,0.29411764705882354,-0.09654731457800558,1
0,AJCuUo1T,human,,1894,1936,42,94,SICILIAN,94,True,92,8.23913043478261,5.5,9.21762202336348,55.0,1.1187615120705015,0.15217391304347827,0.2391304347826087,46,10.195652173913043,6.0,11.528074550224714,0.10869565217391304,0.2826086956521739,46,6.282608695652174,5.0,5.420023437612813,0.1956521739130435,0.1956521739130435,3.913043478260869,0
1,8o8BcsCR,bot,maia9,1723,1606,117,40,OTHER,40,True,38,6.473684210526316,3.5,10.00193887021086,60.0,1.545014947430946,0.39473684210526316,0.10526315789473684,19,4.0,4.0,2.0261449005179113,0.3157894736842105,0.0,19,8.947368421052632,3.0,13.55485418668016,0.47368421052631576,0.21052631578947367,-4.947368421052632,0
1,AWv6M5Az,bot,Boris-Trapsky,2174,2233,59,104,OTHER,104,True,102,5.107843137254902,3.0,7.360342680035417,56.0,1.440988394172001,0.45098039215686275,0.12745098039215685,51,7.117647058823529,3.0,9.779223792974552,0.45098039215686275,0.23529411764705882,51,3.0980392156862746,3.0,2.1534732725801433,0.45098039215686275,0.0196078431372549,4.019607843137255,0
1,lQHTTKcy,bot,maia9,1444,1772,328,24,SICILIAN,24,True,22,2.772727272727273,2.0,2.3146140102680026,10.0,0.8347788233753451,0.5909090909090909,0.045454545454545456,11,2.3636363636363638,2.0,2.603240193322973,0.8181818181818182,0.09090909090909091,11,3.1818181818181817,3.0,1.8982375470746455,0.36363636363636365,0.0,-0.8181818181818179,0
1,4UfNLuFZ,bot,maia1,1542,1534,8,64,PIRC,64,True,62,6.451612903225806,1.0,15.596398901312629,112.0,2.4174418297034577,0.6129032258064516,0.1935483870967742,31,0.1935483870967742,0.0,0.39507899077148034,1.0,0.0,31,12.709677419354838,7.0,20.19931897348809,0.22580645161290322,0.3870967741935484,-12.516129032258064,0
1,1l8gol7G,bot,Boris-Trapsky,1984,2235,251,48,OTHER,48,True,46,4.326086956521739,3.5,2.5026451035210115,10.0,0.5785008782008368,0.1956521739130435,0.043478260869565216,23,3.869565217391304,3.0,2.8331016621991147,0.34782608695652173,0.043478260869565216,23,4.782608695652174,5.0,2.0206869632386524,0.043478260869565216,0.043478260869565216,-0.9130434782608696,0
1,YVBIGIc6,bot,maia9,1417,1741,324,74,SCANDINAVIAN,74,True,72,5.680555555555555,5.0,3.9434417739699614,18.0,0.6942000188895776,0.2777777777777778,0.1388888888888889,36,5.5,4.0,4.705198071164368,0.3888888888888889,0.19444444444444445,36,5.861111111111111,6.0,2.9828470532714,0.16666666666666666,0.08333333333333333,-0.3611111111111107,0
0,0S9GsP7n,human,,1986,1956,30,37,QUEEN'S_PAWN,37,True,35,14.142857142857142,8.0,16.29047549449477,77.0,1.1518518026410445,0.17142857142857143,0.45714285714285713,18,18.833333333333332,11.0,20.510837243868043,0.16666666666666666,0.5555555555555556,17,9.176470588235293,8.0,7.277970742692491,0.17647058823529413,0.35294117647058826,9.656862745098039,1
1,wdrjdvCY,bot,simpleEval,2210,2244,34,139,BENONI,139,True,137,8.007299270072993,6.0,8.597654025945303,68.0,1.0737270752547916,0.26277372262773724,0.31386861313868614,69,7.463768115942029,7.0,5.465516961493644,0.18840579710144928,0.3188405797101449,68,8.558823529411764,5.0,10.86329810300447,0.3382352941176471,0.3088235294117647,-1.0950554134697352,1
1,4oprdF2Y,bot,maia5,1432,1657,225,44,KING'S_PAWN,44,True,42,4.595238095238095,3.0,3.5325663395484392,13.0,0.7687450065338572,0.40476190476190477,0.11904761904761904,21,5.523809523809524,4.0,4.019228161144608,0.3333333333333333,0.23809523809523808,21,3.6666666666666665,3.0,2.660707627561713,0.47619047619047616,0.0,1.8571428571428572,0
0,DV3Eg0pP,human,,1974,2044,70,44,SICILIAN,44,True,42,5.190476190476191,3.0,6.605330081648331,40.0,1.2725865294918803,0.42857142857142855,0.14285714285714285,21,7.428571428571429,6.0,8.398250546685182,0.2857142857142857,0.23809523809523808,21,2.9523809523809526,2.0,2.5907562873781798,0.5714285714285714,0.047619047619047616,4.476190476190476,0
1,MsZ8oU41,bot,Boris-Trapsky,2243,2167,76,61,OTHER,61,True,59,12.559322033898304,8.0,12.919924419205751,73.0,1.0287119308139532,0.03389830508474576,0.3898305084745763,30,6.366666666666666,6.0,2.4695928589321943,0.0,0.1,29,18.96551724137931,17.0,15.892923514442195,0.06896551724137931,0.6896551724137931,-12.598850574712642,1
0,dkM4essD,human,,1911,1963,52,85,OTHER,85,True,83,6.27710843373494,3.0,8.52680147804987,41.0,1.358396396695085,0.3855421686746988,0.1566265060240964,42,4.0476190476190474,3.0,2.5907562873781798,0.3333333333333333,0.09523809523809523,41,8.560975609756097,3.0,11.401858600070012,0.43902439024390244,0.21951219512195122,-4.51335656213705,1
0,kU2vGpX3,human,,1867,1913,46,54,QUEEN'S_PAWN,54,True,52,8.403846153846153,3.5,14.74430739613482,98.0,1.7544713606384683,0.38461538461538464,0.2692307692307692,26,11.0,5.0,19.691856965995633,0.34615384615384615,0.3076923076923077,26,5.8076923076923075,3.0,5.7913677856273615,0.4230769230769231,0.23076923076923078,5.1923076923076925,0
0,BcttHfAZ,human,,1905,1842,63,87,SCANDINAVIAN,87,True,85,9.423529411764706,7.0,8.952655170510932,54.0,0.9500320717770652,0.10588235294117647,0.36470588235294116,43,11.651162790697674,9.0,9.964783853780721,0.06976744186046512,0.4883720930232558,42,7.142857142857143,4.0,7.089802967815747,0.14285714285714285,0.23809523809523808,4.508305647840531,1
1,CFDCFJ17,bot,Boris-Trapsky,1630,2198,568,42,OTHER,42,True,40,6.625,6.5,5.038290880844416,21.0,0.7604967367312326,0.275,0.25,20,4.65,3.0,5.121279137090655,0.45,0.1,20,8.6,7.0,4.091454509095756,0.1,0.4,-3.9499999999999993,0
0,WoUnyXm1,human,,1977,1989,12,39,QUEEN'S_GAMBIT,39,True,37,5.918918918918919,3.0,8.30948132631302,38.0,1.4038849729387293,0.4864864864864865,0.1891891891891892,19,8.894736842105264,3.0,10.507614967211587,0.3157894736842105,0.3157894736842105,18,2.7777777777777777,2.0,2.4845199749997664,0.6666666666666666,0.05555555555555555,6.116959064327486,1
1,pw6zugVz,bot,Lynx_BOT,2039,2742,703,54,OTHER,54,True,52,12.442307692307692,9.5,13.60346881884637,75.0,1.093323614497699,0.19230769230769232,0.5,26,12.346153846153847,4.0,16.829329498258293,0.38461538461538464,0.34615384615384615,26,12.538461538461538,10.0,9.320080757452898,0.0,0.6538461538461539,-0.19230769230769162,0
1,G5slz3Xy,bot,OpeningsBot,2527,2209,318,165,OTHER,165,True,163,6.717791411042945,6.0,7.250563085773761,69.0,1.0793075643663224,0.2331288343558282,0.15950920245398773,82,6.2682926829268295,3.0,10.066908819624294,0.4634146341463415,0.1951219512195122,81,7.172839506172839,7.0,1.6688143455521778,0.0,0.12345679012345678,-0.9045468232460099,1
1,ZhNGLISm,bot,maia5,1590,1678,88,66,PETROV,66,True,64,6.5625,5.5,5.67856440924993,38.0,0.8653050528380846,0.171875,0.125,32,5.09375,5.0,2.566117872877238,0.21875,0.03125,32,8.03125,6.0,7.320708533844248,0.125,0.21875,-2.9375,0
1,RXQi6XPy,bot,maia5,1642,1659,17,48,SCANDINAVIAN,48,True,46,9.717391304347826,6.0,9.451622919023094,40.0,0.9726502332775444,0.15217391304347827,0.2608695652173913,23,14.347826086956522,9.0,11.377356213309701,0.043478260869565216,0.4782608695652174,23,5.086956521739131,5.0,2.5179882148817843,0.2608695652173913,0.043478260869565216,9.26086956521739,0
0,ZMjtn449,human,,1957,1969,12,86,SICILIAN,86,True,84,10.428571428571429,6.0,11.103716360156302,51.0,1.0647399249464946,0.17857142857142858,0.38095238095238093,42,9.976190476190476,5.0,11.861277726158011,0.14285714285714285,0.30952380952380953,42,10.880952380952381,7.5,10.270629370413436,0.21428571428571427,0.4523809523809524,-0.9047619047619051,0
0,ecaekAN2,human,,2087,2029,58,74,PHILIDOR,74,True,72,12.666666666666666,8.0,14.206805880750723,66.0,1.1215899379540044,0.1388888888888889,0.4305555555555556,36,14.61111111111111,9.0,16.524859686373166,0.1111111111111111,0.4444444444444444,36,10.722222222222221,7.0,11.092067012837777,0.16666666666666666,0.4166666666666667,3.8888888888888893,0
1,ObD9HqMD,bot,Lynx_BOT,2333,2744,411,132,QUEEN'S_GAMBIT,132,True,130,7.638461538461539,7.0,5.307474911935845,28.0,0.6948355876653171,0.14615384615384616,0.35384615384615387,65,7.523076923076923,7.0,4.858324156483124,0.12307692307692308,0.35384615384615387,65,7.753846153846154,7.0,5.719146706743449,0.16923076923076924,0.35384615384615387,-0.23076923076923084,0
1,psyjN07S,bot,OpeningsBot,2400,2516,116,97,QUEEN'S_GAMBIT,97,True,95,8.221052631578948,8.0,8.966814780791415,63.0,1.0907137057300695,0.3894736842105263,0.37894736842105264,48,8.4375,8.5,8.467846661538772,0.4583333333333333,0.4791666666666667,47,8.0,8.0,9.444124594778604,0.3191489361702128,0.2765957446808511,0.4375,1
1,r5F11hZF,bot,simpleEval,2292,2203,89,132,SARAGOSSA,132,True,130,8.36923076923077,6.0,8.492656068662601,62.0,1.014747508204171,0.18461538461538463,0.3,65,8.815384615384616,6.0,10.774460268748511,0.18461538461538463,0.27692307692307694,65,7.923076923076923,6.0,5.26909039678268,0.18461538461538463,0.3230769230769231,0.8923076923076927,0
1,IQDNH687,bot,simpleEval,1429,2242,813,22,OTHER,22,True,20,9.25,9.0,6.355116049294458,28.0,0.6870395728966981,0.05,0.35,10,8.5,9.0,5.371219600798314,0.1,0.3,10,10.0,8.5,7.127411872482185,0.0,0.4,-1.5,0
0,2NurbfPL,human,,1980,1971,9,74,FRENCH,74,True,72,8.63888888888889,5.5,8.177383369112157,35.0,0.9465781391898316,0.2361111111111111,0.3611111111111111,36,9.305555555555555,5.5,9.20392260712924,0.2222222222222222,0.3333333333333333,36,7.972222222222222,5.5,6.938163826543058,0.25,0.3888888888888889,1.333333333333333,0
1,LHFYxeVn,bot,Boris-Trapsky,2154,2239,85,65,BENONI,65,True,63,5.587301587301587,4.0,6.835098310122913,41.0,1.2233272543685896,0.23809523809523808,0.07936507936507936,32,7.40625,5.0,9.047994857287442,0.15625,0.15625,31,3.7096774193548385,3.0,1.8698550640244438,0.3225806451612903,0.0,3.6965725806451615,1
1,zWOINnP5,bot,simpleEval,2236,2325,89,159,OTHER,159,True,157,3.789808917197452,1.0,8.545890990980952,57.0,2.2549661942588397,0.6942675159235668,0.10828025477707007,79,0.1518987341772152,0.0,0.35892270579133734,1.0,0.0,78,7.4743589743589745,4.0,10.949446021549662,0.38461538461538464,0.21794871794871795,-7.322460240181759,1
0,P3vLtBni,human,,1914,1936,22,83,INDIAN_DEFENSE,83,True,81,5.382716049382716,4.0,4.754641400284355,20.0,0.8833164069335614,0.35802469135802467,0.19753086419753085,41,6.097560975609756,5.0,4.751404814336135,0.34146341463414637,0.2682926829268293,40,4.65,3.0,4.645158770160607,0.375,0.125,1.4475609756097558,1
0,VNCyAyw3,human,,1917,1905,12,35,ENGLISH,35,True,33,9.393939393939394,5.0,18.82927989730017,111.0,2.004407214873889,0.2727272727272727,0.21212121212121213,17,5.176470588235294,5.0,3.884135063345689,0.29411764705882354,0.11764705882352941,16,13.875,5.5,26.004506820933944,0.25,0.3125,-8.698529411764707,1
0,ozBisFxV,human,,2069,2090,21,114,OTHER,114,True,112,9.741071428571429,6.0,9.81138691204027,54.0,1.007218454764904,0.22321428571428573,0.4017857142857143,56,10.410714285714286,8.0,9.933307580549187,0.23214285714285715,0.4642857142857143,56,9.071428571428571,6.0,9.64153430079826,0.21428571428571427,0.3392857142857143,1.3392857142857153,0
0,8MpYxIFU,human,,1950,1936,14,90,ENGLISH,90,True,88,11.761363636363637,6.5,12.88938456653894,61.0,1.0959090259472721,0.3181818181818182,0.38636363636363635,44,13.227272727272727,7.0,13.150982743028676,0.29545454545454547,0.45454545454545453,44,10.295454545454545,5.0,12.450957512384605,0.3409090909090909,0.3181818181818182,2.9318181818181817,0
1,DSZIvFmR,bot,Boris-Trapsky,1980,2230,250,46,OTHER,46,True,44,5.7727272727272725,6.0,2.9299677035424216,16.0,0.5075534604561676,0.18181818181818182,0.06818181818181818,22,5.181818181818182,4.5,3.524413086360023,0.3181818181818182,0.09090909090909091,22,6.363636363636363,6.5,2.012358511016241,0.045454545454545456,0.045454545454545456,-1.1818181818181817,0
1,bLvxa2Lc,bot,maia9,1765,1721,44,88,MODERN_DEFENSE,88,True,86,4.790697674418604,4.0,3.023613574538606,16.0,0.6311426393454372,0.2558139534883721,0.08139534883720931,43,5.023255813953488,5.0,2.6978748923104683,0.20930232558139536,0.06976744186046512,43,4.558139534883721,4.0,3.3011789689717186,0.3023255813953488,0.09302325581395349,0.4651162790697674,0
1,gpII0JAk,bot,Boris-Trapsky,1419,2195,776,38,QUEEN'S_PAWN,38,True,36,5.083333333333333,3.5,6.12542515531235,29.0,1.2050016698975117,0.2777777777777778,0.08333333333333333,18,5.666666666666667,2.0,8.55050355892044,0.5555555555555556,0.16666666666666666,18,4.5,5.0,1.118033988749895,0.0,0.0,1.166666666666667,0
1,cdS7HYOj,bot,maia1,1938,1558,380,61,KING'S_PAWN,61,True,59,4.491525423728813,3.0,3.411709057060933,15.0,0.7595880542135662,0.4067796610169492,0.0847457627118644,30,2.9,2.0,2.724579478255926,0.6333333333333333,0.03333333333333333,29,6.137931034482759,6.0,3.2665930573213906,0.1724137931034483,0.13793103448275862,-3.237931034482759,1
1,3p4Y148b,bot,maia1,1561,1541,20,122,CENTER_GAME,122,True,120,5.141666666666667,5.0,4.215637226116856,28.0,0.8198970293906365,0.26666666666666666,0.058333333333333334,60,5.933333333333334,6.0,2.7378012264508094,0.11666666666666667,0.06666666666666667,60,4.35,3.0,5.176308208237476,0.4166666666666667,0.05,1.583333333333334,0
1,3ukev9AE,bot,maia5,1511,1588,77,64,RUY_LOPEZ,64,True,62,4.274193548387097,1.0,11.492170342817994,85.0,2.688734193414021,0.6935483870967742,0.0967741935483871,31,8.387096774193548,4.0,15.171444780658506,0.3870967741935484,0.1935483870967742,31,0.16129032258064516,0.0,0.3677985242255284,1.0,0.0,8.225806451612902,0
1,TOLfLrN7,bot,simpleEval,2245,1717,528,125,HUNGARIAN_OPENING,125,True,123,8.398373983739837,5.0,8.13178031027694,44.0,0.9682565132275542,0.16260162601626016,0.3008130081300813,62,7.161290322580645,6.0,4.108188315826508,0.0,0.24193548387096775,61,9.655737704918034,5.0,10.632281876361931,0.32786885245901637,0.36065573770491804,-2.4944473823373885,1
0,DMgu9mT2,human,,1860,1800,60,33,SICILIAN,33,True,31,4.870967741935484,3.0,3.598762650114987,14.0,0.738818822209037,0.3548387096774194,0.12903225806451613,16,5.625,4.5,3.8547859862773186,0.3125,0.1875,15,4.066666666666666,3.0,3.1084115271666044,0.4,0.06666666666666667,1.5583333333333336,1
0,XJIcXRSi,human,,1989,1855,134,32,CARO_KANN,32,True,30,10.633333333333333,8.5,9.393200850733589,30.0,0.8833731207586447,0.3,0.4666666666666667,15,8.933333333333334,6.0,8.543743649920422,0.3333333333333333,0.4,15,12.333333333333334,12.0,9.883768961731597,0.26666666666666666,0.5333333333333333,-3.4000000000000004,0
0,bFT0VZyq,human,,1879,1892,13,90,OTHER,90,True,88,6.545454545454546,4.0,8.408476636040739,64.0,1.2846283749506684,0.2727272727272727,0.17045454545454544,44,8.727272727272727,5.5,10.903218116191944,0.20454545454545456,0.25,44,4.363636363636363,3.0,3.606124267327037,0.3409090909090909,0.09090909090909091,4.363636363636363,0
0,V1iCZ0dv,human,,1948,1826,122,41,RUY_LOPEZ,41,True,39,8.923076923076923,5.0,9.798965448754155,43.0,1.098159920981069,0.2564102564102564,0.23076923076923078,20,11.1,5.0,12.621014222319852,0.3,0.3,19,6.631578947368421,5.0,4.379504013203099,0.21052631578947367,0.15789473684210525,4.468421052631578,1
0,gE3vyQe9,human,,2070,2063,7,87,OTHER,87,True,85,11.811764705882354,5.0,17.502600894218087,87.0,1.4817939004069096,0.3411764705882353,0.32941176470588235,43,9.69767441860465,6.0,12.867002838016772,0.3023255813953488,0.32558139534883723,42,13.976190476190476,5.0,21.00508792699668,0.38095238095238093,0.3333333333333333,-4.278516057585826,1
1,sQnPQp75,bot,maia9,1818,1745,73,50,FRENCH,50,True,48,4.083333333333333,3.0,3.3281209246193098,12.0,0.8150500223557494,0.4375,0.0625,24,2.7916666666666665,1.5,2.886450627019666,0.5833333333333334,0.041666666666666664,24,5.375,5.5,3.2379584617471546,0.2916666666666667,0.08333333333333333,-2.5833333333333335,0
1,xpxWZXc9,bot,simpleEval,2214,2241,27,156,MODERN_DEFENSE,156,True,154,6.8896103896103895,5.0,7.10364977373913,37.0,1.0310669794117118,0.2922077922077922,0.22077922077922077,77,7.0519480519480515,5.0,6.907357462458745,0.2987012987012987,0.24675324675324675,77,6.7272727272727275,5.0,7.2910483518131315,0.2857142857142857,0.19480519480519481,0.324675324675324,0
0,BKb6miha,human,,1940,1902,38,97,SCANDINAVIAN,97,True,95,9.073684210526316,5.0,10.90749824687312,76.0,1.202102475003418,0.23157894736842105,0.30526315789473685,48,6.645833333333333,3.5,8.178960771733507,0.3541666666666667,0.22916666666666666,47,11.553191489361701,8.0,12.64878853948169,0.10638297872340426,0.3829787234042553,-4.907358156028368,1
0,rpD7wwzA,human,,1871,1868,3,84,PHILIDOR,84,True,82,10.609756097560975,6.5,11.923287418633372,64.0,1.1238041015263638,0.21951219512195122,0.36585365853658536,41,10.78048780487805,6.0,13.43187362322692,0.24390243902439024,0.3170731707317073,41,10.439024390243903,7.0,10.190978268673515,0.1951219512195122,0.4146341463414634,0.34146341463414664,0
0,TvUwvXRS,human,,1824,1818,6,72,FRENCH,72,True,70,7.928571428571429,5.0,10.654739292340995,62.0,1.3438409918267922,0.35714285714285715,0.24285714285714285,35,10.0,6.0,13.212548148310702,0.2571428571428571,0.3142857142857143,35,5.857142857142857,3.0,6.625245471001087,0.45714285714285713,0.17142857142857143,4.142857142857143,0
0,PQDRNfmH,human,,1885,1934,49,65,QUEEN'S_PAWN,65,True,63,9.174603174603174,5.0,12.253330849447496,74.0,1.335570663521094,0.4444444444444444,0.2857142857142857,32,4.84375,2.0,4.867682809869599,0.59375,0.1875,31,13.64516129032258,8.0,15.534661322131882,0.2903225806451613,0.3870967741935484,-8.80141129032258,1
1,GG97gIye,bot,maia9,1474,1747,273,104,SICILIAN,104,True,102,5.715686274509804,5.0,4.426695866414721,30.0,0.7744819526145824,0.21568627450980393,0.10784313725490197,51,5.980392156862745,4.0,5.706859292418896,0.27450980392156865,0.1568627450980392,51,5.450980392156863,6.0,2.546152233409064,0.1568627450980392,0.058823529411764705,0.5294117647058822,0
0,ECqum7TI,human,,2131,2126,5,62,PHILIDOR,62,True,60,17.05,12.0,18.66764134360132,101.0,1.0948763251379074,0.21666666666666667,0.5666666666666667,30,14.1,11.5,12.248401256218434,0.26666666666666666,0.5333333333333333,30,20.0,12.0,23.011591282076374,0.16666666666666666,0.6,-5.9,0
0,L1uvtmzF,human,,1931,1920,11,78,SCANDINAVIAN,78,True,76,9.723684210526315,6.0,16.3220860091396,113.0,1.6785907127125976,0.34210526315789475,0.3157894736842105,38,11.421052631578947,7.5,18.254965552227684,0.23684210526315788,0.39473684210526316,38,8.026315789473685,3.5,13.921749062273339,0.4473684210526316,0.23684210526315788,3.394736842105262,0
1,QSkSob8s,bot,simpleEval,2260,1842,418,81,QUEEN'S_PAWN,81,True,79,10.784810126582279,7.0,12.14539646712675,67.0,1.1261576536420341,0.1518987341772152,0.3670886075949367,40,8.625,6.0,7.391506950548041,0.1,0.3,39,13.0,8.0,15.266857013705312,0.20512820512820512,0.4358974358974359,-4.375,1
0,jAvTgi4S,human,,2280,2124,156,113,MODERN_DEFENSE,113,True,111,10.144144144144144,2.0,23.453172376840218,182.0,2.3119912378590266,0.5405405405405406,0.2702702702702703,56,10.696428571428571,2.0,21.90883680394833,0.5178571428571429,0.25,55,9.581818181818182,2.0,24.914903104250975,0.5636363636363636,0.2909090909090909,1.1146103896103892,1
0,I7VlhodR,human,,2136,2072,64,58,SICILIAN,58,True,56,12.0,7.0,17.373008621750827,99.0,1.4477507184792355,0.32142857142857145,0.35714285714285715,28,9.25,5.0,14.778422977919048,0.35714285714285715,0.25,28,14.75,8.0,19.238400958202618,0.2857142857142857,0.4642857142857143,-5.5,0
0,MXEUbkdu,human,,1908,1908,0,57,BIRD,57,True,55,11.072727272727272,6.0,13.508050859266444,70.0,1.2199389117564112,0.32727272727272727,0.43636363636363634,28,11.5,6.5,14.17618727706028,0.25,0.42857142857142855,27,10.62962962962963,4.0,12.763223057903076,0.4074074074074074,0.4444444444444444,0.8703703703703702,1
1,m65oqhAs,bot,maia1,1544,1556,12,105,QUEEN'S_PAWN,105,True,103,4.669902912621359,4.0,3.0350328272390565,12.0,0.6499134744399643,0.32038834951456313,0.07766990291262135,52,3.1346153846153846,3.0,2.337230824928099,0.4807692307692308,0.038461538461538464,51,6.235294117647059,6.0,2.8600578308572278,0.1568627450980392,0.11764705882352941,-3.1006787330316743,1
0,YY2xnczX,human,,1924,2026,102,62,QUEEN'S_GAMBIT,62,True,60,5.4,3.0,6.445153217728808,36.0,1.1935468921720014,0.4,0.13333333333333333,30,5.766666666666667,3.5,6.301763421632251,0.4,0.2,30,5.033333333333333,3.0,6.564974401236374,0.4,0.06666666666666667,0.7333333333333334,0
0,BMOVEMrk,human,,1976,1932,44,120,QUEEN'S_PAWN,120,True,118,3.389830508474576,2.0,4.378363401199989,37.0,1.2916172033539968,0.5338983050847458,0.059322033898305086,59,3.389830508474576,2.0,5.085762610189826,0.559322033898305,0.05084745762711865,59,3.389830508474576,2.0,3.532017952775757,0.5084745762711864,0.06779661016949153,0.0,0
1,wtmTvNMg,bot,Lynx_BOT,2389,2742,353,166,QUEEN'S_GAMBIT,166,True,164,6.414634146341464,5.0,5.726385697700953,30.0,0.8927065156111751,0.2804878048780488,0.25,82,6.548780487804878,4.0,6.0690185629694735,0.2926829268292683,0.2682926829268293,82,6.280487804878049,6.0,5.358545466648946,0.2682926829268293,0.23170731707317074,0.2682926829268295,0
1,MqNsw8FD,bot,simpleEval,2047,2260,213,55,ZUKERTORT,55,True,53,6.264150943396227,5.0,4.3832913600429775,20.0,0.6997422954285476,0.1320754716981132,0.16981132075471697,27,5.703703703703703,4.0,4.8059747908188495,0.2222222222222222,0.18518518518518517,26,6.846153846153846,6.0,3.8098284606276285,0.038461538461538464,0.15384615384615385,-1.1424501424501425,1
1,bELYv62e,bot,maia9,1716,1712,4,75,MODERN_DEFENSE,75,True,73,5.424657534246576,5.0,4.30965087172289,22.0,0.7944558425145731,0.2602739726027397,0.0821917808219178,37,5.297297297297297,6.0,2.346531250934945,0.16216216216216217,0.02702702702702703,36,5.555555555555555,4.0,5.654125555951967,0.3611111111111111,0.1388888888888889,-0.258258258258258,1
0,udlbdHVH,human,,1895,1943,48,94,OTHER,94,True,92,7.4021739130434785,6.0,6.255536300313256,29.0,0.8450944781627306,0.2717391304347826,0.30434782608695654,46,8.130434782608695,7.0,6.8797393013429184,0.21739130434782608,0.30434782608695654,46,6.673913043478261,4.5,5.465521765243608,0.32608695652173914,0.30434782608695654,1.4565217391304346,0
0,XpiCE9TS,human,,2070,2067,3,43,FRENCH,43,True,41,7.121951219512195,3.0,8.709946996425828,40.0,1.2229720097721195,0.3902439024390244,0.2682926829268293,21,7.523809523809524,3.0,10.719892712767354,0.42857142857142855,0.23809523809523808,20,6.7,4.5,5.874521257089807,0.35,0.3,0.8238095238095235,1
1,BaFLjvsB,bot,maia5,1550,1649,99,36,QUEEN'S_PAWN,36,True,34,6.205882352941177,4.5,6.018498013549589,21.0,0.9698053671122561,0.29411764705882354,0.17647058823529413,17,8.588235294117647,6.0,7.577511802769249,0.29411764705882354,0.35294117647058826,17,3.823529411764706,3.0,1.9169612631529793,0.29411764705882354,0.0,4.76470588235294,0
0,4U9hQkO5,human,,1867,1932,65,66,CARO_KANN,66,True,64,9.625,4.0,14.33908557056551,86.0,1.4897751242145985,0.34375,0.234375,32,13.625,5.5,18.252996329370145,0.25,0.375,32,5.625,3.0,6.785784774069982,0.4375,0.09375,8.0,0
0,kATnDxMn,human,,1905,1905,0,54,SICILIAN,54,True,52,7.980769230769231,5.0,7.5510834286707205,33.0,0.9461598513033191,0.21153846153846154,0.28846153846153844,26,10.576923076923077,9.0,7.687017411609689,0.038461538461538464,0.4230769230769231,26,5.384615384615385,3.0,6.439522934294262,0.38461538461538464,0.15384615384615385,5.192307692307692,0
0,lO9QNpaF,human,,1893,1922,29,68,SICILIAN,68,True,66,11.196969696969697,5.5,15.989788120878803,109.0,1.4280460297401907,0.3181818181818182,0.3484848484848485,33,7.0606060606060606,3.0,8.783384430669818,0.42424242424242425,0.18181818181818182,33,15.333333333333334,11.0,19.999494943117888,0.21212121212121213,0.5151515151515151,-8.272727272727273,0
0,9TikEE2t,human,,2138,2044,94,88,QUEEN'S_PAWN,88,True,86,11.162790697674419,6.0,16.346438674166478,100.0,1.4643684645607469,0.27906976744186046,0.3023255813953488,43,11.953488372093023,5.0,17.03887960118911,0.23255813953488372,0.3488372093023256,43,10.372093023255815,6.0,15.58326958529855,0.32558139534883723,0.2558139534883721,1.5813953488372086,0
0,xmAJ0Jje,human,,2083,2034,49,56,OTHER,56,True,54,10.777777777777779,5.0,13.639086896050802,54.0,1.2654822893243012,0.3333333333333333,0.35185185185185186,27,11.148148148148149,5.0,13.522830362579025,0.2962962962962963,0.2962962962962963,27,10.407407407407407,6.0,13.74438406326248,0.37037037037037035,0.4074074074074074,0.7407407407407423,0
0,JGWMDYml,human,,2048,2091,43,140,INDIAN_DEFENSE,140,True,138,7.913043478260869,4.0,9.239548157649807,43.0,1.1676352067359648,0.3695652173913043,0.2826086956521739,69,7.333333333333333,4.0,8.598393288851032,0.34782608695652173,0.2898550724637681,69,8.492753623188406,4.0,9.804795023917512,0.391304347826087,0.2753623188405797,-1.1594202898550732,0
0,0SrY5uwJ,human,,1940,1892,48,48,QUEEN'S_PAWN,48,True,46,7.673913043478261,4.0,9.12486890394474,50.0,1.1890764010806179,0.32608695652173914,0.2826086956521739,23,6.043478260869565,3.0,6.9687392713557665,0.43478260869565216,0.21739130434782608,23,9.304347826086957,5.0,10.613505680760658,0.21739130434782608,0.34782608695652173,-3.2608695652173916,0
1,WHR2zxGw,bot,Boris-Trapsky,1792,2205,413,66,OTHER,66,True,64,9.03125,5.0,12.166769227592837,78.0,1.3471855200102796,0.0625,0.1875,32,12.5,5.5,16.338222057494505,0.09375,0.3125,32,5.5625,5.0,2.2491317769308226,0.03125,0.0625,6.9375,0
1,EvFryXbt,bot,Boris-Trapsky,2195,1419,776,35,OTHER,35,True,33,4.424242424242424,4.0,3.567787728349855,15.0,0.8064177742160632,0.30303030303030304,0.09090909090909091,17,6.470588235294118,5.0,3.599307891947848,0.0,0.17647058823529413,16,2.25,2.0,1.8200274723201295,0.625,0.0,4.220588235294118,1
0,h6SKB2ce,human,,1913,1921,8,44,OTHER,44,True,42,19.0,13.0,22.19180457908258,84.0,1.1679897146885567,0.2857142857142857,0.5238095238095238,21,19.0,13.0,20.809796227921577,0.19047619047619047,0.5238095238095238,21,19.0,13.0,23.492653360247793,0.38095238095238093,0.5238095238095238,0.0,0
1,pTIJrung,bot,OpeningsBot,2365,2435,70,99,SICILIAN,99,True,97,10.257731958762887,3.0,13.922671824483892,64.0,1.3572855949496858,0.4948453608247423,0.4020618556701031,49,8.448979591836734,5.0,9.16751412790282,0.4897959183673469,0.4489795918367347,48,12.104166666666666,2.5,17.29672365812542,0.5,0.3541666666666667,-3.655187074829932,1
1,zQoUl4z6,bot,simpleEval,2427,2264,163,131,OTHER,131,True,129,8.395348837209303,6.0,9.397689477417922,60.0,1.1193923754265114,0.21705426356589147,0.29457364341085274,65,7.707692307692308,6.0,5.777204745770762,0.15384615384615385,0.3384615384615385,64,9.09375,6.0,11.964424805961213,0.28125,0.25,-1.3860576923076922,1
0,zlyG7LXO,human,,2034,2040,6,38,PIRC,38,True,36,6.444444444444445,5.5,6.65601000117957,31.0,1.0328291381140713,0.3333333333333333,0.1388888888888889,18,5.166666666666667,3.0,5.909032633745279,0.3888888888888889,0.05555555555555555,18,7.722222222222222,7.0,7.100904133008193,0.2777777777777778,0.2222222222222222,-2.5555555555555554,0
0,eWrpb1g0,human,,1981,2035,54,41,ENGLISH,41,True,39,5.282051282051282,2.0,6.9057713431248215,33.0,1.30740331253334,0.5128205128205128,0.1794871794871795,20,5.0,2.0,7.956129712366434,0.65,0.2,19,5.578947368421052,4.0,5.575470614771213,0.3684210526315789,0.15789473684210525,-0.5789473684210522,1
1,qgvA0zos,bot,Lynx_BOT,1970,2753,783,128,QUEEN'S_PAWN,128,True,126,6.2063492063492065,6.0,5.578185203430342,37.0,0.898786874210004,0.18253968253968253,0.15873015873015872,63,4.428571428571429,3.0,2.307436464682994,0.15873015873015872,0.0,63,7.984126984126984,7.0,7.112457355560642,0.20634920634920634,0.31746031746031744,-3.5555555555555554,0
0,yUMQtabt,human,,1885,1885,0,31,INDIAN_DEFENSE,31,True,29,8.413793103448276,4.0,9.532222092783998,33.0,1.1329280356177702,0.3448275862068966,0.3103448275862069,15,8.066666666666666,4.0,9.807933296854927,0.26666666666666666,0.26666666666666666,14,8.785714285714286,4.0,9.213178228017979,0.42857142857142855,0.35714285714285715,-0.71904761904762,1
1,ArI277fT,bot,OpeningsBot,2110,2496,386,85,ENGLISH,85,True,83,9.204819277108435,2.0,21.183512022180015,134.0,2.301350128064059,0.5060240963855421,0.18072289156626506,42,4.833333333333333,3.0,4.999603158854885,0.38095238095238093,0.14285714285714285,41,13.682926829268293,1.0,29.037771049638632,0.6341463414634146,0.21951219512195122,-8.849593495934961,1
0,phrZzYkR,human,,1972,1961,11,44,OTHER,44,True,42,7.976190476190476,6.5,6.23159421335418,29.0,0.7812744983906733,0.19047619047619047,0.30952380952380953,21,9.476190476190476,8.0,7.075235467184098,0.19047619047619047,0.42857142857142855,21,6.476190476190476,4.0,4.806929993636149,0.19047619047619047,0.19047619047619047,3.0,0
0,Nil2cjMG,human,,1822,1830,8,32,SICILIAN,32,True,30,2.933333333333333,2.0,2.7438820836342237,9.0,0.9354143466934854,0.6333333333333333,0.0,15,2.6,1.0,3.1155523854794462,0.7333333333333333,0.0,15,3.2666666666666666,2.0,2.264705033528404,0.5333333333333333,0.0,-0.6666666666666665,0
0,YL5JssSE,human,,1827,1822,5,93,CARO_KANN,93,True,91,9.395604395604396,8.0,7.615598684018521,30.0,0.8105490997025561,0.21978021978021978,0.3956043956043956,46,10.217391304347826,8.0,8.1345025862152,0.1956521739130435,0.43478260869565216,45,8.555555555555555,8.0,6.945999825816792,0.24444444444444444,0.35555555555555557,1.6618357487922708,1
1,jOKlZu3V,bot,Boris-Trapsky,2130,2218,88,32,OTHER,32,True,30,7.566666666666666,7.5,4.855809807734328,22.0,0.6417369789957262,0.1,0.23333333333333334,15,6.0,4.0,5.18973345494095,0.2,0.13333333333333333,15,9.133333333333333,9.0,3.9135093657171125,0.0,0.3333333333333333,-3.133333333333333,0
0,MqqeJMCl,human,,1807,1801,6,62,QUEEN'S_GAMBIT,62,True,60,6.516666666666667,3.5,8.779695641396435,57.0,1.3472678733600667,0.36666666666666664,0.18333333333333332,30,7.866666666666666,3.0,11.563544247139609,0.36666666666666664,0.23333333333333334,30,5.166666666666667,4.0,4.099457958749614,0.36666666666666664,0.13333333333333333,2.6999999999999993,0
0,iOX4P7zd,human,,1976,2040,64,52,SLAV,52,True,50,11.26,5.0,15.11530350340343,87.0,1.3423892987036794,0.34,0.34,25,12.8,6.0,19.080880482828878,0.36,0.36,25,9.72,5.0,9.387310583974518,0.32,0.32,3.08,0
0,owCIERKL,human,,1958,1906,52,92,INDIAN_DEFENSE,92,True,90,12.122222222222222,6.5,14.266376771024923,62.0,1.1768780104420193,0.3111111111111111,0.4111111111111111,45,12.177777777777777,5.0,14.087486786173653,0.28888888888888886,0.4222222222222222,45,12.066666666666666,7.0,14.442837517453263,0.3333333333333333,0.4,0.11111111111111072,0
0,z73rg3cI,human,,2007,2078,71,80,OTHER,80,True,78,10.397435897435898,7.0,10.44440685012888,58.0,1.0045175515537024,0.15384615384615385,0.34615384615384615,39,8.435897435897436,7.0,5.305028440895616,0.07692307692307693,0.3076923076923077,39,12.35897435897436,6.0,13.50306172211093,0.23076923076923078,0.38461538461538464,-3.9230769230769234,0
1,j6Hl6jq1,bot,simpleEval,1940,2258,318,60,ZUKERTORT,60,True,58,12.431034482758621,8.5,14.817408295144526,81.0,1.1919690445469937,0.20689655172413793,0.43103448275862066,29,16.103448275862068,9.0,19.140757790616565,0.2413793103448276,0.4827586206896552,29,8.758620689655173,6.0,6.765302819196936,0.1724137931034483,0.3793103448275862,7.344827586206895,0
0,ucdedk9v,human,,1855,1825,30,22,RUY_LOPEZ,22,True,20,4.15,2.5,4.114304315434142,17.0,0.9913986302250943,0.5,0.1,10,3.4,2.5,3.2619012860600183,0.5,0.1,10,4.9,2.5,4.7,0.5,0.1,-1.5000000000000004,0
1,idnPPqTE,bot,maia1,1791,1564,227,42,OTHER,42,True,40,3.225,2.0,2.7882566237704878,13.0,0.8645756972931745,0.525,0.025,20,1.95,1.0,2.1324868112136124,0.75,0.0,20,4.5,4.0,2.7838821814150108,0.3,0.05,-2.55,0
1,zaiD950U,bot,maia9,1738,1832,94,79,QUEEN'S_PAWN,79,True,77,4.441558441558442,3.0,4.0499912024708244,22.0,0.9118401245329049,0.38961038961038963,0.09090909090909091,39,4.743589743589744,5.0,2.1568964969039066,0.1282051282051282,0.02564102564102564,38,4.131578947368421,2.0,5.3171571976780925,0.6578947368421053,0.15789473684210525,0.6120107962213224,1
0,wm1pwuYI,human,,2117,2052,65,125,ENGLISH,125,True,123,7.357723577235772,4.0,10.066550972226585,74.0,1.3681610713633923,0.37398373983739835,0.23577235772357724,62,6.451612903225806,3.0,8.325393373162497,0.3870967741935484,0.1774193548387097,61,8.278688524590164,4.0,11.4978702910953,0.36065573770491804,0.29508196721311475,-1.827075621364358,1
